데이터 추출일 : 2022-08-10 21:14:54
약국명,대표전화,도로명주소,지번주소,월요일,화요일,수요일,목요일,금요일,토요일,일요일,공휴일
21세기약국,054-452-2121,"경상북도 구미시 신시로 78, 1층 (송정동)",경상북도 구미시 송정동 27-11번지,09:00~23:30,09:00~23:30,09:00~23:30,09:00~23:30,09:00~23:30,09:00~23:30,10:30~23:30,09:00~23:30
24시약국,055-642-4006,"경상남도 통영시 안개로 9, 102호 (무전동)",경상남도 통영시 무전동 990-9 102호,09:00~23:30,09:00~23:30,09:00~23:30,09:00~23:30,09:00~23:30,09:00~23:30,14:00~23:30,
365녹십자약국,031-652-3307,경기도 평택시 중앙로 2 (통복동),,22:00~25:00,22:00~25:00,22:00~25:00,22:00~25:00,22:00~25:00,22:00~25:00,22:00~25:00,22:00~25:00
365약국,070-4149-7365,"인천광역시 계양구 오조산로 1, 거승프라자 107호 (작전동)",,09:00~23:00,09:00~23:00,09:00~23:00,09:00~23:00,09:00~23:00,09:00~23:00,09:00~23:00,09:00~23:00
365약국,031-794-0367,"경기도 하남시 미사강변중앙로 226, 우성르보아파크 1층 112호 (망월동)",,09:00~22:30,09:00~22:30,09:00~22:30,09:00~22:30,09:00~22:30,09:00~23:00,09:00~23:00,09:00~23:00
365열린약국,02-874-2332,서울특별시 관악구 남부순환로 1615  (신림동),서울특별시 관악구 신림동 1422-42 ,09:00~23:00,09:00~23:00,09:00~23:00,09:00~23:00,09:00~23:00,09:00~23:00,10:00~23:00,10:00~23:00
365열린약국,02-3666-0784,"서울특별시 구로구 남부순환로97길 3, KS프리미어빌딩 105호 (개봉동)",,08:30~22:30,08:30~22:30,08:30~22:30,08:30~22:30,08:30~22:30,08:30~22:30,08:30~22:30,08:30~22:30
365열린약국,02-2633-2800,"서울특별시 영등포구 영중로 119, 리마크빌 영등포 2층 204-2호 (영등포동8가)",,09:00~23:00,09:00~23:00,09:00~23:00,09:00~23:00,09:00~23:00,09:00~23:00,09:00~23:00,09:00~23:00
365일연향대형약국,061-746-3651,"전라남도 순천시 연향3로 11, 1층 1A 4호~6호 (연향동)",전라남도 순천시 연향동 1319-1,09:00~23:00,09:00~23:00,09:00~23:00,09:00~23:00,09:00~23:00,09:00~23:00,09:00~23:00,09:00~23:00
365정화약국,02-935-4869,"서울특별시 노원구 상계로 59, 동익빌딩 1층 7,8호 (상계동)",,09:00~23:00,09:00~23:00,09:00~23:00,09:00~23:00,09:00~23:00,09:00~23:00,13:00~23:00,13:00~23:00
365종로약국,02-2215-8704,"서울특별시 동대문구 전농로 60-1, 1층 (답십리동)",,08:00~24:00,08:00~24:00,08:00~24:00,08:00~24:00,08:00~24:00,08:00~24:00,08:00~24:00,08:00~24:00
365행복약국,032-429-8184,"인천광역시 남동구 논고개로123번길 35, 칼리오페 1층 A동 126호 (논현동)",,08:00~22:30,08:00~22:30,08:00~22:30,08:00~22:30,08:00~22:30,08:00~19:00,,
7번약국,02-904-7773,"서울특별시 강북구 도봉로 339, 1층 (수유동)",,09:00~25:00,09:00~25:00,09:00~25:00,09:00~25:00,09:00~25:00,09:00~25:00,12:30~25:00,12:30~25:00
W스토아청와약국,02-855-1482,서울특별시 구로구 디지털로 227 (가리봉동),,08:30~23:00,08:30~23:00,08:30~23:00,08:30~23:00,08:30~23:00,08:30~23:00,08:30~23:00,08:30~23:00
가까운약국,02-356-9813,"서울특별시 은평구 통일로 738, 1층 3호 (불광동)",,08:50~23:00,08:50~22:00,08:50~23:00,08:50~22:00,08:50~23:00,08:50~22:00,13:00~22:00,09:30~22:00
가나안약국,02-434-9259,"서울특별시 중랑구 봉우재로 39, (면목동)",서울특별시 중랑구 면목2동 182-4,09:00~22:30,09:00~22:30,09:00~22:30,09:00~22:30,09:00~22:30,09:00~21:30,,09:00~21:30
가람약국,052-257-7584,울산광역시 남구 삼산로 159-1 (달동),,09:00~26:00,09:00~26:00,09:00~26:00,09:00~26:00,09:00~26:00,09:00~26:00,09:00~26:00,09:00~26:00
간석온누리약국,032-868-6682,"인천광역시 남동구 경원대로 971 (간석동, 홈플러스 2층일부)",인천광역시 남동구 간석4동 616-3,10:00~22:30,10:00~22:30,10:00~22:30,10:00~22:30,10:00~22:30,10:00~22:30,10:00~22:30,10:00~22:30
강남새천년온누리약국,02-552-3524,"서울특별시 강남구 도곡로 523, 1층 (대치동)",서울특별시 강남구 대치동 986-9 대치순복음교회 ,10:00~22:30,10:00~22:30,10:00~22:30,10:00~22:30,10:00~22:30,10:00~22:30,13:00~22:30,13:00~22:30
강남약국,031-285-9901,경기도 용인시 기흥구 신구로12번길 19 (구갈동),,09:00~19:00,09:00~24:00,09:00~19:00,09:00~19:00,09:00~19:00,09:00~14:00,,
강남웰약국,02-6440-5656,"서울특별시 강남구 강남대로 432, 점프밀라노 지하1층 101호 (역삼동)",서울특별시 강남구 역삼1동 815,09:00~22:30,09:00~22:30,09:00~22:30,09:00~22:30,09:00~22:30,09:00~22:30,10:00~20:30,10:00~21:00
강남효약국,031-286-3379,경기도 용인시 기흥구 신구로12번길 11-1 (구갈동),,08:00~24:00,08:00~24:00,08:00~24:00,08:00~24:00,08:00~24:00,08:00~24:00,08:00~24:00,
강동성실약국,02-478-7001,"서울특별시 강동구 진황도로 81, 강동투웨니퍼스트 1층 101호 (길동)",,09:00~23:00,09:00~23:00,09:00~23:00,09:00~23:00,09:00~23:00,09:00~22:00,14:00~22:00,14:00~22:00
강동태평양약국,02-473-3377,서울특별시 강동구 양재대로 1343 (성내동),,09:00~22:40,09:00~22:40,09:00~22:40,09:00~22:40,09:00~22:40,09:00~22:40,09:00~22:00,09:00~22:00
강서홈약국,02-2659-1823,"서울특별시 강서구 화곡로 398, 홈플러스강서점앤본사사옥 1층 (등촌동)",,10:00~22:30,10:00~22:30,10:00~22:30,10:00~22:30,10:00~22:30,,10:00~22:30,10:00~22:30
갤러리약국,053-256-3651,"대구광역시 중구 중앙대로 309, 1층 (남산동)",,09:00~23:00,09:00~23:00,09:00~23:00,09:00~23:00,09:00~23:00,09:00~23:00,,
갤러리약국,02-6227-5578,서울특별시 강남구 학동로20길 55 106호,서울특별시 강남구 논현동 158 해림빌딩 106호,09:00~22:30,09:00~22:30,09:00~22:30,09:00~22:30,09:00~22:30,09:00~22:30,,
거제프라자약국,055-638-1351,경상남도 거제시 거제중앙로 1916-1,경상남도 거제시 고현동 961-31,09:00~24:00,09:00~24:00,09:00~24:00,09:00~22:00,09:00~22:00,09:00~24:00,09:00~24:00,09:00~24:00
건강약국,055-757-6223,경상남도 진주시 하대로 138,"경상남도 진주시 하대동 101 현대아파트 하대동,현대아파트",08:30~23:00,08:30~23:00,08:30~23:00,08:30~23:00,08:30~23:00,21:00~23:00,21:00~23:00,21:00~23:00
건강약국,032-548-2095,인천광역시 계양구 봉오대로 785,인천광역시 계양구 작전3동 911-1,10:00~23:00,10:00~23:00,10:00~23:00,10:00~23:00,10:00~23:00,10:00~23:00,,10:00~23:00
건대가온약국,02-453-4669,"서울특별시 광진구 광나루로 410, 105호 (화양동, KCC파크타운)",,09:00~23:00,09:00~23:00,09:00~23:00,09:00~23:00,09:00~23:00,09:00~23:00,09:00~23:00,09:00~23:00
건명약국,02-435-3900,서울특별시 중랑구 면목로 421,서울특별시 중랑구 면목본동 126-6,09:20~20:30,09:20~25:00,09:20~20:20,09:20~20:20,09:20~17:00,20:00~25:00,22:00~25:00,
건인약국,031-423-1185,경기도 안양시 동안구 인덕원로24번길 56 (관양동),,10:00~22:30,10:00~22:30,10:00~22:30,10:00~22:30,10:00~22:30,10:00~22:30,,
경기약국,031-765-8562,경기도 광주시 고불로 58 (중대동),,06:30~23:00,06:30~23:00,06:30~23:00,06:30~23:00,06:30~23:00,06:30~23:00,06:30~23:00,
경남약국,051-325-3355,"부산광역시 사상구 사상로 194, 괘법동 메디컬센터 1층 (괘법동)",부산광역시 사상구 괘법동 546-12,08:00~24:00,08:00~24:00,08:00~24:00,08:00~24:00,08:00~24:00,08:00~24:00,08:00~24:00,08:00~24:00
경희약국,053-253-4467,대구광역시 중구 국채보상로 599-1 (문화동),,12:00~23:00,12:00~23:00,12:00~23:00,12:00~23:00,12:00~23:00,12:00~23:00,12:00~23:00,12:00~23:00
고래약국,02-333-7967,"서울특별시 마포구 신촌로 지하 90, 신촌역 B1 240-107호 (노고산동)",,08:00~23:00,08:00~23:00,08:00~23:00,08:00~23:00,08:00~23:00,09:00~23:00,09:00~23:00,09:00~23:00
고려원약국,032-541-0248,"인천광역시 계양구 경명대로 1074, 삼환1빌딩 102호 (계산동)",,09:00~25:00,09:00~25:00,09:00~25:00,09:00~25:00,09:00~25:00,09:00~17:00,,09:00~13:00
고현서울약국,055-636-8539,"경상남도 거제시 서문로5길 6, 104호 (고현동)",,08:30~23:00,08:30~21:00,08:30~23:00,08:30~23:00,08:30~23:00,09:00~18:00,09:00~18:00,09:00~18:00
곰돌이스타약국,02-595-8795,"서울특별시 서초구 방배로 226, 3층 303호 (방배동)",,09:00~23:00,09:00~23:00,09:00~23:00,09:00~23:00,09:00~23:00,09:00~19:00,09:00~19:00,09:00~19:00
공단약국,031-683-3567,"경기도 평택시 포승읍 평택항로 174, 만호빌딩",,09:30~23:00,09:30~23:00,09:30~23:00,09:30~23:00,09:30~23:00,09:30~18:00,,
공약국,061-794-0911,"전라남도 광양시 중마중앙로 81, 1층 (중동)",,08:30~24:00,08:30~24:00,08:30~24:00,08:30~24:00,08:30~24:00,08:30~24:00,10:00~24:00,10:00~24:00
관악수약국,02-887-3606,서울특별시 관악구 호암로 600,서울특별시 관악구 대학동 1525-3,09:00~22:10,09:00~22:10,09:00~22:10,09:00~22:10,09:00~22:10,09:00~22:10,09:30~21:30,09:00~22:00
광장온누리약국,02-886-3509,"서울특별시 관악구 신림로 107, 1층 (신림동)",서울특별시 관악구 대학동 1516-2,09:00~22:30,09:00~22:30,09:00~22:30,09:00~22:30,09:00~22:30,09:00~22:00,,
광주보령약국,062-352-7588,"광주광역시 서구 상무대로1080번길 1, 1층 (화정동)",광주광역시 서구 화정동 774-4 1층,09:00~23:00,09:00~23:00,09:00~23:00,09:00~23:00,09:00~23:00,08:30~23:00,09:00~22:30,08:30~23:00
광주약국,061-351-2228,전라남도 영광군 영광읍 현암길 58,전라남도 영광군 영광읍 남천리 262,07:30~22:30,07:30~22:30,07:30~22:30,07:30~22:30,07:30~22:30,07:30~22:30,07:30~22:30,07:30~22:30
광주참약국,02-756-3609,서울특별시 중구 퇴계로 45 (남창동),서울특별시 중구 남창동 47-12 남일물산 1층,08:00~21:00,08:00~25:00,08:00~21:00,08:00~25:00,08:00~21:00,08:00~21:00,22:00~25:00,
광주태평양약국,031-798-6240,"경기도 광주시 중앙로 101, 클리닉빌딩 제1층 103,104호 (경안동)",,08:00~23:00,08:00~23:00,08:00~23:00,08:00~23:00,08:00~23:00,08:00~23:00,08:00~23:00,08:00~23:00
구로2호선약국,070-7672-0012,"서울특별시 구로구 도림천로 477, 구로디지털단지역 지상1층 001호 (구로동)",,07:00~23:00,07:00~23:00,07:00~23:00,07:00~23:00,07:00~23:00,08:00~23:00,08:00~23:00,08:00~23:00
구민사약국,031-403-2913,"경기도 안산시 단원구 화정천서로3길 7, (선부동)",경기도 안산시 단원구 선부3동 1089-3,09:00~23:00,09:00~23:00,09:00~23:00,09:00~23:00,09:00~23:00,09:00~23:00,16:00~23:00,15:00~24:30
구정열린약국,033-644-7133,강원도 강릉시 구정면 범일로 444 (구정면),,08:00~23:00,08:00~23:00,08:00~23:00,08:00~23:00,08:00~23:00,08:00~23:00,08:00~23:00,08:00~23:00
굿모닝약국,032-323-4809,"경기도 부천시 석천로 188, 1층 (중동, 이마트)",경기도 부천시 원미구 중동 1157,10:00~23:00,10:00~23:00,10:00~23:00,10:00~23:00,10:00~23:00,10:00~23:00,10:00~23:00,10:00~23:00
굿약국,02-535-8233,"서울특별시 서초구 서초대로77길 24, 강남 지웰타워2 (서초동)",,09:30~22:30,09:30~22:30,09:30~22:30,09:30~22:30,09:30~22:30,09:30~22:30,,
권선중앙약국,031-226-2326,경기도 수원시 권선구 동수원로242번길 27 (권선동),,12:00~24:00,12:00~24:00,12:00~24:00,12:00~24:00,12:00~24:00,12:00~24:00,14:00~24:00,16:00~24:00
그랜드약국,02-462-8447,"서울특별시 광진구 아차산로29길 55, (화양동)",서울특별시 광진구 화양동 34-4,08:30~22:30,08:30~22:30,08:30~22:30,08:30~22:30,08:30~22:30,08:30~22:30,11:00~22:30,11:00~22:30
글꽃약국,042-223-0216,"대전광역시 중구 계백로1716번길 26, 미성프라자 204호 (문화동)",,09:00~22:30,09:00~22:30,09:00~22:30,09:00~22:30,09:00~22:30,09:00~22:30,09:00~22:30,09:00~22:30
금강온누리약국,02-2678-5869,서울특별시 영등포구 영중로 10-1 (영등포동3가),,08:00~22:30,08:00~22:30,08:00~22:30,08:00~22:30,08:00~22:30,08:00~22:30,09:00~22:00,09:00~22:00
금광약국,031-755-1924,경기도 성남시 수정구 시민로 227,경기도 성남시 수정구 태평4동 2370,08:30~23:00,08:30~23:00,08:30~23:00,08:30~23:00,08:30~23:00,08:30~22:00,,10:00~22:00
금왕약국,02-763-5493,"서울특별시 종로구 창신5길 19, (창신동)",서울특별시 종로구 창신2동 131-8,08:30~22:30,08:30~22:30,08:30~22:30,08:30~22:30,08:30~22:30,08:30~22:30,09:00~19:30,
금정산약국,051-995-1603,부산광역시 북구 상학로 3(만덕동),,22:00~25:00,22:00~25:00,22:00~25:00,22:00~25:00,22:00~25:00,22:00~25:00,22:00~25:00,22:00~25:00
금호스타약국,062-383-8255,"광주광역시 서구 금화로 71, 미미빌딩 1층 (금호동)",,09:00~25:00,09:00~25:00,09:00~25:00,09:00~25:00,09:00~25:00,09:00~25:00,09:00~25:00,09:00~25:00
기린약국,050-71316-7241,서울특별시 서초구 잠원로 24 반포자이프라자상가 1층,서울특별시 서초구 반포동  20-45 반포자이플라자 반포자이프라자상가 1층,09:00~25:00,09:00~25:00,09:00~25:00,09:00~25:00,09:00~25:00,09:00~25:00,22:00~25:00,
기호약국,02-463-8050,"서울특별시 광진구 군자로 25, (화양동)",서울특별시 광진구 화양동 15-1,10:00~22:30,10:00~22:30,10:00~22:30,10:00~22:30,10:00~22:30,10:00~14:00,,
길동보룡약국,02-477-4114,서울특별시 강동구 양재대로 1478 (길동),,08:00~22:50,08:00~22:50,08:00~22:50,08:00~22:50,08:00~22:50,08:00~22:50,09:00~22:00,09:00~22:00
꿈이있는온누리약국,02-993-6091,서울특별시 강북구 삼양로 462  (수유동),서울특별시 강북구 수유동 316-12 수목빌딩 ,09:00~25:00,09:00~25:00,09:00~25:00,09:00~25:00,09:00~25:00,09:00~25:00,22:00~25:00,22:00~25:00
나나약국,041-736-5035,"충청남도 논산시 시민로132번길 48, 115호 (내동)",,22:00~25:00,22:00~25:00,22:00~25:00,22:00~25:00,22:00~25:00,22:00~25:00,22:00~25:00,22:00~25:00
나래약국,062-675-0203,"광주광역시 남구 대남대로 131, 미래아동병원 1층 (주월동)",광주광역시 남구 주월동 1250-10,09:00~25:00,09:00~25:00,09:00~25:00,09:00~25:00,09:00~25:00,09:00~25:00,09:00~25:00,09:00~25:00
나래종로약국,070-4221-9797,광주광역시 북구 첨단연신로 97  (신용동),광주광역시 북구 신용동 733 ,09:00~22:30,09:00~22:30,09:00~22:30,09:00~22:30,09:00~22:30,09:00~22:00,09:00~22:00,09:00~22:00
나현약국,02-936-7718,"서울특별시 노원구 상계로12길 41, (상계동)",서울특별시 노원구 상계2동 176-103,09:30~25:00,09:30~25:00,09:30~25:00,09:30~25:00,09:30~25:00,10:00~25:00,10:00~25:00,10:00~25:00
남구로약국,02-838-3104,서울특별시 구로구 구로동로 33 (가리봉동),,08:30~25:00,08:30~25:00,08:30~25:00,08:30~25:00,08:30~25:00,08:30~25:00,08:30~25:00,08:30~25:00
남산태평양약국,043-847-8051,"충청북도 충주시 남산4길 52, (교현동)",충청북도 충주시 교현1동 981,22:00~25:00,22:00~25:00,22:00~25:00,22:00~25:00,22:00~25:00,22:00~25:00,22:00~25:00,22:00~25:00
남수원약국,031-223-4746,경기도 화성시 봉담읍 와우안길 65 (봉담읍),,08:00~23:00,08:00~23:00,08:00~23:00,08:00~23:00,08:00~23:00,08:00~23:00,08:00~23:00,08:00~23:00
남춘천대형약국,033-262-9328,강원도 춘천시 신동면 김유정로 1634,,08:00~23:00,08:00~23:00,08:00~23:00,08:00~23:00,08:00~23:00,08:00~23:00,08:00~23:00,08:00~23:00
노닐약국,042-622-5511,대전광역시 동구 동서대로 1689 서관 1층 (용전동),대전광역시 동구 용전동 63-3 대전복합터미널(서관) 서관 1층,07:30~24:00,07:30~24:00,07:30~24:00,07:30~24:00,07:30~24:00,07:30~24:00,07:30~24:00,07:30~24:00
노바약국,02-542-3696,서울특별시 강남구 강남대로118길 51 ,서울특별시 강남구 논현동 180-18 ,14:00~24:00,14:00~24:00,14:00~24:00,14:00~24:00,14:00~24:00,14:00~24:00,14:00~22:00,14:00~22:00
노벨약국,02-898-0607,"경기도 광명시 하안로 295, 1층 (하안동)",,22:00~25:00,22:00~25:00,22:00~25:00,22:00~25:00,22:00~25:00,22:00~25:00,22:00~25:00,22:00~25:00
노벨온누리약국,02-357-7070,"서울특별시 은평구 연서로 1, 105호(역촌동, 리더스파크)",서울특별시 은평구 역촌동 85-41,09:00~22:30,09:00~22:30,09:00~22:30,09:00~22:30,09:00~22:30,09:00~22:30,,10:00~18:00
녹십자약국,02-3662-6143,서울특별시 강서구 화곡로64길 78,서울특별시 강서구 등촌1동 654-7,09:00~23:00,09:00~23:00,09:00~23:00,09:00~23:00,09:00~23:00,09:00~23:00,14:00~23:00,14:00~23:00
녹십자해솔약국,031-401-1967,"경기도 안산시 상록구 해양5로 11, 상가 213호 (사동)",경기도 안산시 상록구 성포동  586 홈플러스 안산점 ,09:00~23:00,09:00~23:00,09:00~23:00,09:00~23:00,09:00~23:00,09:00~24:00,09:00~23:00,10:00~22:30
논현밝은약국,02-2135-2846,"서울특별시 강남구 강남대로122길 10, 영흥빌딩 1층 일부호 (논현동)",,11:00~26:00,11:00~26:00,11:00~26:00,11:00~26:00,11:00~26:00,11:00~26:00,11:00~26:00,11:00~26:00
논현프라자약국,032-441-3170,"인천광역시 남동구 논고개로 117, 메트로타워 (논현동)",인천광역시 남동구 논현동 631-9 107호,09:00~23:00,09:00~23:00,09:00~23:00,09:00~23:00,09:00~23:00,,,09:00~23:00
농수산약국,02-400-1424,서울특별시 송파구 양재대로 932  (가락동),서울특별시 송파구 가락동 600 가락동 농수산물도매시장 ,00:00~24:00,00:00~24:00,00:00~24:00,00:00~24:00,00:00~24:00,00:00~16:00,18:00~14:00,
뉴녹십자약국,032-343-0307,"경기도 부천시 부일로 727, 1층 (역곡동, 2000BNG빌딩)",,09:00~22:30,09:00~22:30,09:00~22:30,09:00~22:30,09:00~22:30,09:00~22:30,09:00~22:00,09:00~22:00
뉴본약국,031-486-8283,"경기도 안산시 단원구 선부로 199, 동진프라자 105-106호 (선부동)",,08:30~22:30,08:30~22:30,08:30~22:30,08:30~22:30,08:30~22:30,09:00~22:30,09:00~22:30,09:00~22:30
뉴프라임약국,02-403-2638,"서울특별시 송파구 송파대로 278, 1층 (가락동)",,09:00~23:00,09:00~23:00,09:00~23:00,09:00~23:00,09:00~23:00,08:00~23:00,09:00~21:00,09:00~22:00
늘봄약국,031-465-0111,경기도 안양시 만안구 박달로 531 (박달동),,09:00~22:30,09:00~22:30,09:00~22:30,09:00~22:30,09:00~22:30,09:00~22:30,09:00~22:30,
늘열린약국,055-336-7924,"경상남도 김해시 분성로 536, 김해어방우편취급소 (어방동)",경상남도 김해시 어방동 1096-12번지,07:00~23:45,07:00~23:45,07:00~23:45,07:00~23:45,07:00~23:45,07:00~23:45,07:00~23:45,07:00~23:45
다나약국,031-374-2878,"경기도 오산시 오산로 70, (갈곶동)",경기도 오산시 갈곶동 126-21,09:00~23:00,09:00~23:00,09:00~23:00,09:00~23:00,09:00~23:00,09:00~23:00,10:00~23:00,
다낫는럭스타워약국,070-8815-1626,"경기도 성남시 분당구 대왕판교로606번길 39, 럭스타워 109,110호 (삼평동)",,09:00~25:00,09:00~25:00,09:00~25:00,09:00~25:00,09:00~25:00,09:00~25:00,18:00~25:00,18:00~25:00
다산현대약국,070-7576-2443,"경기도 남양주시 다산순환로 350, 다산진건지구 상업2-7-1,2 106,107호 (다산동)",,22:00~25:00,22:00~25:00,22:00~25:00,22:00~25:00,22:00~25:00,22:00~25:00,22:00~25:00,22:00~25:00
다원약국,031-901-0121,경기도 고양시 일산동구 정발산로 39 대양빌딩 (장항동),경기도 고양시 일산동구 장항동 856-1 대양빌딩 대양빌딩,09:00~24:00,09:00~24:00,09:00~24:00,09:00~24:00,09:00~24:00,09:00~24:00,11:00~24:00,11:00~24:00
다정한약국,032-544-0758,"인천광역시 계양구 장제로 822 , 지상2층 (계산동, 롯데마트 계양점)","인천광역시 계양구 계산동 1059-1 롯데마트 계양점 , 지상2층 (계산동, 롯데마트 계양점)",10:00~23:00,10:00~23:00,10:00~23:00,10:00~23:00,10:00~23:00,10:00~23:00,,
단골온누리약국,063-465-9998,전라북도 군산시 하나운로 38 105 나운동 나운프라자1층),전라북도 군산시 나운동 107-8 나운프라자 105 나운동 나운프라자1층),08:30~25:00,08:30~25:00,08:30~25:00,08:30~25:00,08:30~25:00,08:30~25:00,18:30~25:00,08:30~25:00
대광약국,041-545-1488,"충청남도 아산시 모종남로12번길 7, 1층 (모종동)",,22:00~25:00,22:00~25:00,22:00~25:00,22:00~25:00,22:00~25:00,22:00~25:00,22:00~25:00,22:00~25:00
대교약국,02-714-5849,"서울특별시 마포구 도화길 10, 1층 (도화동)",,07:00~23:00,07:00~23:00,07:00~23:00,07:00~23:00,07:00~23:00,07:00~23:00,07:00~23:00,
대구약국,054-974-4073,경상북도 칠곡군 약목면 약목로 72,경상북도 칠곡군 약목면 복성리 949-3외 1필지,22:00~25:00,22:00~25:00,22:00~25:00,22:00~25:00,22:00~25:00,22:00~25:00,22:00~25:00,22:00~25:00
대동약국,062-223-7675,광주광역시 동구 백서로125번길 25,광주광역시 동구 금동 100-2,10:00~26:00,10:00~26:00,10:00~26:00,10:00~26:00,10:00~26:00,10:00~26:00,18:00~26:00,18:00~26:00
대명약국,02-844-5433,"서울특별시 영등포구 영신로19길 7, (영등포동)",서울특별시 영등포구 영등포동1가 618-79,09:30~22:30,09:30~22:30,09:30~22:30,09:30~22:30,09:30~22:30,09:30~22:00,,
대명약국,032-543-0224,"인천광역시 계양구 효서로 233, 109호 (작전동)",인천광역시 계양구 작전2동 865-37,08:30~22:30,08:30~22:30,08:30~22:30,08:30~22:30,08:30~22:30,08:30~22:00,,10:00~22:00
대명약국,032-425-2500,"인천광역시 부평구 길주로364번길 9, 123호 (산곡동, 부평 IPARK)",,08:30~22:30,08:30~22:30,08:30~22:30,08:30~22:30,08:30~22:30,08:30~22:00,,
대성약국,063-285-3276,전라북도 전주시 완산구 문화광장로 28-1,전라북도 전주시 완산구 서노송동 616-6,08:00~23:00,08:00~23:00,08:00~23:00,08:00~23:00,08:00~23:00,08:00~23:00,08:00~23:00,08:00~23:00
대영온누리약국,041-936-1161,충청남도 보령시 주공로 12 (동대동),충청남도 보령시 동대동 1929,08:30~22:30,08:30~22:30,08:30~22:30,08:30~22:30,08:30~22:30,08:30~22:30,09:00~22:00,08:30~22:30
대우사약국,02-753-2703,서울특별시 중구 세종대로 22 (남대문로5가),서울특별시 중구 남대문로5가 17-3,09:00~22:30,09:00~22:30,09:00~22:30,09:00~22:30,09:00~22:30,09:00~21:00,,
대우약국,042-256-1058,"대전광역시 중구 중앙로 125-1, (선화동)",대전광역시 중구 선화1동 66-3,08:00~25:00,08:00~25:00,08:00~25:00,08:00~25:00,08:00~25:00,08:00~25:00,08:00~25:00,08:00~25:00
대웅약국,031-248-6700,경기도 수원시 장안구 경수대로 998 (송죽동),,09:00~23:00,09:00~23:00,09:00~23:00,09:00~23:00,09:00~23:00,09:00~23:00,12:00~23:00,
대일약국,02-591-4655,서울특별시 동작구 동작대로27길 22 (사당동),,09:00~23:00,09:00~23:00,09:00~23:00,09:00~23:00,09:00~23:00,09:00~23:00,,
대풍약국,02-2252-3944,서울특별시 중구 동호로11길 43 (신당동),,08:30~25:00,08:30~22:00,08:30~22:00,08:30~22:00,08:30~22:00,09:00~25:00,22:00~25:00,
대하약국,053-254-8164,대구광역시 중구 중앙대로 447-1 (향촌동),,09:00~22:30,09:00~22:30,09:00~22:30,09:00~22:30,09:00~22:30,09:00~22:30,09:00~23:30,09:00~22:30
대학당약국,031-262-5666,"경기도 용인시 수지구 풍덕천로 155, 수지마을동보아파트 상가동 106호 (풍덕천동)",,09:00~25:00,09:00~25:00,09:00~25:00,09:00~25:00,09:00~25:00,09:00~25:00,09:00~25:00,
대학약국,031-792-2505,경기도 하남시 하남대로739번길 80,경기도 하남시 신장1동 436-1,22:00~25:00,22:00~25:00,22:00~25:00,22:00~25:00,22:00~25:00,22:00~25:00,22:00~25:00,22:00~25:00
대한약국,042-222-6250,"대전광역시 중구 중앙로 129, (선화동)",대전광역시 중구 선화동 65-2,09:00~23:00,09:00~23:00,09:00~23:00,09:00~23:00,09:00~23:00,09:00~23:00,12:00~23:00,12:00~23:00
대형약국,031-243-7726,경기도 수원시 장안구 장안로 270-3,경기도 수원시 장안구 정자1동 528-28,08:00~22:30,08:00~22:30,08:00~22:30,08:00~22:30,08:00~22:30,08:00~22:30,,08:00~22:00
대황약국,032-884-4762,인천광역시 중구 제물량로24번길 6-34 (신흥동3가),,07:00~30:00,07:00~30:00,07:00~30:00,07:00~30:00,07:00~30:00,07:00~30:00,07:00~30:00,07:30~23:00
더샾스타시티약국,02-2024-1311,서울특별시 광진구 아차산로 272  (자양동),서울특별시 광진구 자양동 227-7 더샵스타시티 ,09:00~23:00,09:00~23:00,09:00~23:00,09:00~23:00,09:00~23:00,09:00~23:00,09:00~23:00,09:00~23:00
더밝은약국,02-2281-7923,"서울특별시 성동구 마조로9길 15, 1층 (행당동)",,11:00~23:00,11:00~23:00,11:00~23:00,11:00~23:00,11:00~23:00,12:00~22:00,12:00~22:00,12:00~22:00
더슬림한약국,062-373-0059,광주광역시 서구 치평로 32 1층,광주광역시 서구 치평동 1178 1층,09:00~23:00,09:00~23:00,09:00~23:00,09:00~23:00,09:00~23:00,09:00~23:00,09:00~23:00,09:00~23:00
더클래식약국,02-455-4565,"서울특별시 광진구 능동로 90, 1층 104-2호 (자양동, 더클래식500)",,09:00~25:00,09:00~25:00,09:00~25:00,09:00~25:00,09:00~25:00,09:00~25:00,09:00~25:00,09:00~25:00
덕양메디칼약국,031-938-1726,"경기도 고양시 덕양구 백양로 51, 104호 (화정동)",,22:00~25:00,22:00~25:00,22:00~25:00,22:00~25:00,22:00~25:00,22:00~25:00,22:00~25:00,22:00~25:00
도마태평양약국,042-528-7774,"대전광역시 서구 배재로 182-1, 1층 (도마동)",,09:00~25:00,09:00~25:00,09:00~25:00,09:00~25:00,09:00~25:00,09:00~25:00,18:00~25:00,09:00~25:00
도원약국,02-2252-3942,"서울특별시 성동구 장터길 45-1, (금호동3가)",서울특별시 성동구 금호동3가 806,09:00~23:59,09:00~23:59,09:00~23:59,09:00~23:59,09:00~23:59,09:00~23:59,20:00~23:30,
동광약국,02-534-7575,서울특별시 동작구 동작대로 129 (사당동),,09:00~22:30,09:00~22:30,09:00~22:30,09:00~22:30,09:00~22:30,09:00~22:30,09:00~22:30,08:00~22:00
동보약국,02-2678-0362,서울특별시 영등포구 영중로 22  (영등포동3가),서울특별시 영등포구 영등포동3가 8 남서울빌딩 ,08:00~22:30,08:00~22:30,08:00~22:30,08:00~22:30,08:00~22:30,08:30~22:00,,
동산약국,054-783-2273,경상북도 울진군 울진읍 읍내8길 14 ,경상북도 울진군 울진읍 읍내리  518-3 동산약국 ,08:30~23:00,08:30~23:00,08:30~23:00,08:30~23:00,08:30~23:00,08:30~23:00,09:00~23:00,
동성약국,031-952-3224,"경기도 파주시 문산읍 문산로40번길 10-10, 1층",,06:00~22:30,06:00~22:30,06:00~22:30,06:00~22:30,06:00~22:30,06:00~22:30,06:00~22:30,06:00~22:30
동신약국,051-582-5418,"부산광역시 금정구 금강로 180, (장전동)",부산광역시 금정구 장전3동 599-24,11:00~24:00,11:00~24:00,14:00~24:00,11:00~24:00,11:00~24:00,21:00~24:00,21:00~24:00,21:00~24:00
동아약국,02-2214-7937,"서울특별시 동대문구 서울시립대로 31, 102-119호 (전농동, 동아아파트)",,08:30~23:00,08:30~23:00,08:30~23:00,08:30~23:00,08:30~23:00,08:30~23:00,10:00~22:00,
동암프라자약국,070-4064-8642,"인천광역시 부평구 열우물로 50, (십정동)",인천광역시 부평구 십정2동 402-8,09:00~24:00,00:00~24:00,00:00~24:00,00:00~24:00,00:00~24:00,00:00~24:00,00:00~22:00,09:00~22:00
동읍용잠약국,055-292-7483,경상남도 창원시 의창구 동읍 용잠로 28 (동읍),,,08:30~22:30,08:30~22:30,08:30~22:30,08:30~22:30,08:30~22:30,08:30~22:30,09:00~22:30
동의세란약국,031-319-2539,"경기도 시흥시 봉우재로 10 (정왕동, 세란약국)",,09:00~25:00,09:00~25:00,09:00~25:00,09:00~25:00,09:00~25:00,09:00~25:00,11:00~25:00,11:00~25:00
동이약국,042-673-0108,"대전광역시 대덕구 대전로 1123, (오정동)",대전광역시 대덕구 오정동 275-15,22:00~25:00,22:00~25:00,22:00~25:00,22:00~25:00,22:00~25:00,22:00~25:00,22:00~25:00,22:00~25:00
동인당약국,052-286-8823,울산광역시 북구 신답로 26  (상안동),울산광역시 북구 상안동 322-9 홈플러스 ,10:00~22:30,10:00~22:30,10:00~22:30,10:00~22:30,10:00~22:30,10:00~22:30,10:00~22:30,10:00~22:30
동현약국,02-472-7722,"서울특별시 강동구 양재대로127길 19, (천호동)",서울특별시 강동구 천호1동 43-44,06:30~23:30,06:30~23:30,06:30~23:30,06:30~23:30,06:30~23:30,07:00~23:30,07:00~23:30,07:00~23:30
두꺼비약국,054-247-2455,경상북도 포항시 북구 불종로 57 (상원동),경상북도 포항시 북구 상원동   448-7 ,09:00~26:00,09:00~26:00,09:00~26:00,09:00~26:00,09:00~26:00,09:00~26:00,09:00~26:00,09:00~24:00
드림약국,054-435-8577,경상북도 김천시 혁신4로 3 (율곡동),,22:00~25:00,22:00~25:00,22:00~25:00,22:00~25:00,22:00~25:00,22:00~25:00,22:00~25:00,22:00~25:00
드림팜약국,031-979-7210,경기도 고양시 덕양구 백양로 79 이마트 내 1층,경기도 고양시 덕양구 화정동 976 이마트 이마트 내 1층,10:00~22:30,10:00~22:30,10:00~22:30,10:00~22:30,10:00~22:30,10:00~22:30,10:00~22:30,10:00~22:30
따뜻한약국,031-904-0642,"경기도 고양시 일산동구 중앙로1275번길 64, 2(일부)층 (장항동, 홈플러스 일산점)",,10:00~22:30,10:00~22:30,10:00~22:30,10:00~22:30,10:00~22:00,10:00~22:30,10:00~22:30,
따뜻한약국,051-505-9763,부산광역시 동래구 아시아드대로 226,부산광역시 동래구 온천3동 1412-7,22:00~25:00,22:00~25:00,22:00~25:00,22:00~25:00,22:00~25:00,22:00~25:00,22:00~25:00,22:00~25:00
랄랄라약국,031-258-3448,"경기도 수원시 팔달구 덕영대로 924, 수원역 분당선지하상가 2호 (매산로1가)",,07:00~23:00,07:00~23:00,07:00~23:00,07:00~23:00,07:00~23:00,08:00~23:00,08:00~23:00,08:00~23:00
롱약국,070-8098-4603,"서울특별시 마포구 양화로 지하 55, 합정역 B1  238-105호 (서교동)",,07:30~23:00,07:30~23:00,07:30~23:00,07:30~23:00,07:30~23:00,09:00~23:00,10:00~22:30,09:00~23:00
링컨약국,031-291-1501,경기도 수원시 권선구 금호로 213 (구운동),,09:30~22:30,09:30~22:30,09:30~22:30,09:30~22:30,09:30~22:30,09:30~22:30,,
마더스약국,053-585-6168,대구광역시 달서구 이곡동로 24,대구광역시 달서구 이곡동 1254 ,10:00~22:30,10:00~22:30,10:00~22:30,10:00~22:30,10:00~22:30,10:00~22:30,10:00~22:30,10:00~22:30
마더스약국,041-578-7845,"충청남도 천안시 서북구 충무로 187 (쌍용동, E 마트)",,10:00~22:30,10:00~22:30,10:00~22:30,10:00~22:30,10:00~22:30,10:00~22:30,10:00~22:30,10:00~22:30
마산온누리약국,055-255-0636,경상남도 창원시 마산회원구 삼호로 56 (양덕동),경상남도 창원시 마산회원구 양덕동 151-1 삼성홈플러스,10:00~22:30,10:00~22:30,10:00~22:30,10:00~22:30,10:00~22:30,10:00~22:30,10:00~22:30,10:00~22:30
마장백화점약국,02-962-1161,"서울특별시 동대문구 고산자로 410, 1층 (용두동)",서울특별시 동대문구 용두동 27-4,07:00~23:00,07:00~23:00,07:00~23:00,07:00~23:00,07:00~23:00,07:00~23:00,08:00~23:00,08:00~23:00
마트약국,031-207-1278,"경기도 수원시 권선구 경수대로 270 (권선동, 이마트)",,10:00~23:00,10:00~23:00,10:00~23:00,10:00~23:00,10:00~23:00,10:00~23:00,10:00~23:00,10:00~22:30
마트온누리약국,02-2651-3467,서울특별시 양천구 오목로 299,서울특별시 양천구 목1동 962,10:00~22:30,10:00~22:30,10:00~22:30,10:00~22:30,10:00~22:30,10:00~22:30,10:00~22:30,10:00~22:30
마트종로약국,031-651-9631,경기도 평택시 영신로 29,경기도 평택시 지제동 50 이마트 이마트 내,10:00~23:00,10:00~23:00,10:00~23:00,10:00~23:00,10:00~23:00,10:30~23:30,,
만종대형약국,033-731-1365,강원도 원주시 호저면 원문로 631,,08:00~23:00,08:00~23:00,08:00~23:00,08:00~23:00,08:00~23:00,08:00~23:00,08:00~23:00,08:00~23:00
맑은약국,02-2165-8210,서울특별시 영등포구 당산로 42,서울특별시 영등포구 문래동3가 55-3,10:00~22:30,10:00~22:30,10:00~22:30,10:00~22:30,10:00~22:30,10:00~22:30,10:00~22:30,10:00~22:00
맘이편한약국,02-888-8848,"서울특별시 관악구 신림로 357, 1층 (신림동)",,09:00~24:00,09:00~24:00,09:00~24:00,09:00~24:00,09:00~24:00,09:00~24:00,09:00~24:00,09:00~24:00
망원시장약국,02-790-7527,"서울특별시 마포구 월드컵로13길 56, 1층 (망원동)",,08:30~22:30,08:30~22:30,08:30~22:30,08:30~22:30,08:30~22:30,10:00~22:30,08:30~22:30,10:00~22:30
매산약국,031-207-6122,"경기도 수원시 팔달구 덕영대로 923-1 (매산로1가, 새수원 빌딩)",,09:00~22:30,09:00~22:30,09:00~22:30,09:00~22:30,09:00~22:30,,,11:00~21:00
매일여는약국,02-2132-8365,"서울특별시 마포구 월드컵북로 396, 누리꿈스퀘어 B1094호 (상암동)",,09:00~24:00,09:00~24:00,09:00~24:00,09:00~24:00,09:00~24:00,09:00~24:00,09:00~24:00,09:00~24:00
매일여는약국,02-2061-3650,서울특별시 양천구 목동동로 233-1 (목동) ,,09:00~24:00,09:00~24:00,09:00~24:00,09:00~24:00,09:00~24:00,09:00~24:00,09:00~24:00,09:00~24:00
매일여는온누리약국,02-3432-0365,"서울특별시 송파구 백제고분로 187, 1층 103,104호 (잠실동, 파크인수)",,09:00~24:00,09:00~24:00,09:00~24:00,09:00~24:00,09:00~24:00,09:00~24:00,09:00~24:00,09:00~24:00
매일여는온누리약국,032-435-1777,"인천광역시 남동구 예술로 198, CGV 홈플러스 (구월동)",,10:00~22:30,10:00~22:30,10:00~22:30,10:00~22:30,10:00~22:30,10:00~22:00,10:00~22:00,
메가약국,051-622-5458,"부산광역시 수영구 황령대로 521 1층(남천동, 메가마트남천점)","부산광역시 수영구 남천동   545-2 메가마트 남천점 1층(남천동, 메가마트남천점)",10:00~23:00,10:00~23:00,10:00~23:00,10:00~23:00,10:00~23:00,10:00~23:00,10:00~23:00,10:00~23:00
메디칼세계로약국,031-657-8078,경기도 평택시 중앙로 9-1 (통복동),,08:30~23:00,08:30~23:00,08:30~23:00,08:30~23:00,08:30~23:00,08:30~23:00,09:00~22:00,08:30~23:00
메디칼큰온누리약국,055-283-0990,"경상남도 창원시 성산구 원이대로 664, 창원메디컬 (상남동)",,07:30~23:00,07:30~23:00,07:30~23:00,07:30~23:00,07:30~23:00,07:30~23:00,09:00~23:00,09:00~23:00
메디팜365약국,031-552-7071,"경기도 구리시 검배로6번길 3 , 1층 (수택동)","경기도 구리시 수택동 405-1 , 1층",10:00~25:00,10:00~25:00,10:00~25:00,10:00~25:00,10:00~25:00,09:00~25:00,10:00~25:00,
메디팜동수원약국,031-232-8075,"경기도 수원시 팔달구 효원로 257 4층(인계동, 동수원홈플러스) (인계동)","경기도 수원시 팔달구 인계동 1045 홈플러스동수원점 4층(인계동, 동수원홈플러스)",10:00~23:00,10:00~23:00,10:00~23:00,10:00~23:00,10:00~23:00,10:00~24:00,10:00~23:00,
메디팜신정교약국,02-2649-8275,"서울특별시 양천구 신목로 36, 102호 (신정동, 대보빌딩)",서울특별시 양천구 신정동 128-105,09:00~25:00,09:00~25:00,09:00~25:00,09:00~25:00,09:00~25:00,09:00~25:00,22:00~25:00,22:00~25:00
메디팜엄마손약국,055-263-7743,경상남도 창원시 성산구 원이대로580번길 16  (중앙동),경상남도 창원시 성산구 중앙동 70-9 성한빌딩 ,08:30~24:00,08:30~24:00,08:30~24:00,08:30~24:00,08:30~24:00,08:30~24:00,19:00~24:00,19:00~24:00
메디팜엔비약국,02-811-7723,"서울특별시 동작구 노량진로 152, . 1층 (노량진동)",,08:30~22:30,08:30~22:30,08:30~22:30,08:30~22:30,08:30~22:30,08:30~22:30,13:00~22:00,08:30~22:30
메디팜우리들약국,031-201-8298,"경기도 수원시 영통구 봉영로 1576, 2층(영통동,홈플러스)",경기도 수원시 영통구 영통동 994-2,10:00~23:00,10:00~23:00,10:00~23:00,10:00~23:00,10:00~23:00,10:00~23:00,10:00~23:00,
메디팜큰사랑약국,043-294-8088,충청북도 청주시 상당구 월평로 182 (용암동),충청북도 청주시 상당구 용암동 1595 최동석 소아과 (용암동),22:00~25:00,22:00~25:00,22:00~25:00,22:00~25:00,22:00~25:00,22:00~25:00,22:00~25:00,22:00~25:00
메디팜한대약국,031-438-4181,"경기도 안산시 상록구 광덕1로 376, (이동)",경기도 안산시 상록구 이동 716-9,08:00~22:30,08:00~22:30,08:00~22:30,08:00~22:30,08:00~22:30,08:00~22:30,08:00~22:30,08:00~22:30
메디팜해성약국,032-613-5028,"경기도 부천시 조마루로386번길 61, (원미동)",경기도 부천시 원미구 원미1동 90-8,09:30~23:30,09:30~23:30,09:30~23:30,09:30~23:30,09:30~23:30,09:00~23:30,10:00~23:30,09:00~23:30
면목백화점약국,02-2207-4636,서울특별시 중랑구 용마산로 328 (면목동),,09:00~22:30,09:00~22:30,09:00~22:30,09:00~22:30,09:00~22:30,09:00~22:30,10:00~21:00,10:00~21:00
명일마트종로약국,02-428-7845,"서울특별시 강동구 고덕로 276, 지하1층 (명일동, 이마트명일점)",,10:00~22:30,10:00~22:30,10:00~22:30,10:00~22:30,10:00~22:30,10:00~22:30,,10:00~22:30
모범약국,031-263-7128,"경기도 용인시 수지구 수지로 203, E 마트 지하1층 (신봉동)",,10:00~24:00,10:00~24:00,10:00~24:00,10:00~24:00,10:00~24:00,10:00~24:00,,
목사골한국약국,061-337-9449,전라남도 나주시 나주로 204 (성북동),전라남도 나주시 나주로 204(성북동),08:00~24:00,08:00~24:00,08:00~24:00,08:00~24:00,08:00~24:00,08:30~14:00,,
문학모범약국,032-424-3120,"인천광역시 미추홀구 매소홀로 578, (문학동)",인천광역시 남구 문학동 380-1,08:00~22:30,08:00~22:30,08:00~22:30,08:00~22:30,08:00~22:30,09:00~22:30,17:00~22:30,08:00~23:00
미래팜대학약국,031-717-7570,"경기도 성남시 분당구 돌마로 46, 101호 (구미동, 광천프라자)",,09:00~22:30,09:00~22:30,09:00~22:30,09:00~22:30,09:00~22:30,09:00~22:30,09:30~21:00,09:30~22:00
미소약국,053-657-2089,"대구광역시 남구 월배로 468, 한영유니죤빌딩 105호 (대명동)",,09:00~23:00,09:00~23:00,09:00~23:00,09:00~23:00,09:00~23:00,09:00~18:00,09:00~18:00,
미소지음약국,062-371-0914,"광주광역시 서구 화운로 129, 1층 101호 (화정동)",,07:30~22:30,07:30~22:30,07:30~22:30,07:30~22:30,07:30~22:30,07:30~22:30,07:30~22:30,07:30~22:30
민준약국,031-246-1288,"경기도 수원시 팔달구 팔달문로163번길 49, 1층 (우만동)",,08:30~22:30,08:30~22:30,08:30~22:30,08:30~22:30,08:30~22:30,08:30~22:30,08:30~22:30,08:30~22:30
민트약국,063-000-0000,전라북도 전주시 덕진구 명륜4길 21(덕진동1가),,10:30~22:30,10:30~22:30,10:30~22:30,10:30~22:30,10:30~22:30,10:30~22:30,10:30~22:30,10:30~22:30
믿음약국,02-888-2104,서울특별시 관악구 봉천로 534,서울특별시 관악구 낙성대동 1612-52,09:30~22:30,09:30~22:30,09:30~22:30,09:30~22:30,09:30~22:30,09:30~22:30,,09:30~22:30
밀성메디칼약국,055-356-4950,경상남도 밀양시 중앙로 381,경상남도 밀양시 내이동 726~3,09:00~23:00,09:00~23:00,09:00~23:00,09:00~23:00,09:00~23:00,09:00~23:00,09:00~23:00,09:00~23:00
바로약국,063-000-0000,"전라북도 전주시 완산구 홍산중앙로 20, 1층 103호 (효자동3가)",,09:00~22:00,09:00~22:00,09:00~22:00,09:00~22:00,09:00~24:00,09:00~24:00,14:00~20:00,14:00~20:00
바른손약국,032-343-4217,경기도 부천시 경인로 508  (괴안동),경기도 부천시 괴안동 114-6 ,08:00~22:30,08:00~22:30,08:00~22:30,08:00~22:30,08:00~22:30,08:00~22:30,08:00~22:30,08:00~22:30
반포프라자약국,02-549-3668,"서울특별시 서초구 신반포로 329, 1층 5호 (잠원동)",서울특별시 서초구 잠원동 40-9,08:30~22:30,08:30~22:30,08:30~22:30,08:30~22:30,08:30~22:30,08:30~22:30,,09:00~22:30
밝은365약국,042-322-4560,"대전광역시 서구 계룡로 582, 1층 (괴정동)",,08:30~25:00,08:30~25:00,08:30~25:00,08:30~25:00,08:30~25:00,08:30~25:00,08:30~25:00,08:30~25:00
밝은약국,042-341-4560,"대전광역시 서구 관저동로105번길 8, 1층 (관저동)",,09:00~24:00,09:00~24:00,09:00~24:00,09:00~24:00,09:00~24:00,09:00~24:00,09:00~24:00,09:00~24:00
밝은약국,043-262-9957,"충청북도 청주시 흥덕구 사운로 254, 1층 (운천동, 손범수내과소아과의원)",,09:00~23:00,09:00~23:00,09:00~23:00,09:00~23:00,09:00~23:00,09:00~23:00,09:00~23:00,09:00~23:00
밝은온누리약국,031-732-0456,"경기도 성남시 중원구 금상로 6, 1층 (상대원동)",,09:00~21:00,09:00~21:00,09:00~21:00,09:00~23:00,09:00~21:00,09:00~21:00,,09:00~21:00
백세약국,031-575-7766,"경기도 남양주시 오남읍 진건오남로 629-1, 진주상가 140호 (오남읍)",,09:00~23:00,09:00~23:00,09:00~23:00,09:00~23:00,09:00~23:00,09:00~23:00,09:00~23:00,09:00~23:00
백세약국,02-3421-7015,"서울특별시 중랑구 신내로 82, 1층 109호 (신내동, 금강빌딩)",,09:00~23:00,09:00~23:00,09:00~23:00,09:00~23:00,09:00~23:00,09:00~23:00,09:00~23:00,09:00~22:00
백운약국,061-655-2999,전라남도 여수시 여서1로 52 (여서동),전라남도 여수시 여서동 228,09:00~24:00,09:00~24:00,09:00~24:00,09:00~24:00,09:00~24:00,09:00~24:00,09:00~24:00,08:30~24:00
백제약국,032-764-5747,"인천광역시 동구 화수로 18, 동부센트레빌 상가 103호 (송현동)",인천광역시 동구 송현동 66-26,09:00~21:30,09:00~21:30,09:00~25:00,09:00~21:30,09:00~21:30,09:00~21:30,13:30~21:30,13:30~21:30
백제약국,032-655-1145,"경기도 부천시 부천로10번길 9, 1층 (심곡동)",경기도 부천시 원미구 심곡동 170-8,09:00~22:30,09:00~22:30,09:00~22:30,09:00~22:30,09:00~22:30,09:00~22:00,10:00~22:00,10:00~22:00
백화점약국,031-407-6077,"경기도 안산시 상록구 석호로 292, 1층 (본오동)",경기도 안산시 상록구 본오동 870,09:00~23:00,09:00~23:00,09:00~23:00,09:00~23:00,09:00~23:00,08:00~23:00,09:00~22:00,09:00~21:00
베스트소망약국,031-943-2729,"경기도 파주시 새꽃로 62, 107호 (금촌동)",,22:00~25:00,22:00~25:00,22:00~25:00,22:00~25:00,22:00~25:00,22:00~25:00,22:00~25:00,22:00~25:00
베스트약국,02-569-8968,서울특별시 강남구 도곡로 423,서울특별시 강남구 대치4동 939-28,09:30~22:30,09:30~22:30,09:30~22:30,09:30~22:30,09:30~22:30,09:30~22:30,15:00~19:00,
별장약국,02-807-6360,"서울특별시 금천구 금하로24길 40, (시흥동)",서울특별시 금천구 시흥5동 918-20,10:00~25:00,10:00~25:00,10:00~25:00,10:00~25:00,10:00~25:00,10:00~25:00,10:00~25:00,10:00~25:00
보건약국,031-449-9793,경기도 안양시 만안구 안양로314번길 26 (안양동),,08:30~22:30,08:30~22:30,08:30~22:30,08:30~22:30,08:30~22:30,09:00~22:00,09:30~22:30,09:00~22:00
보령약국,041-631-6797,충청남도 홍성군 홍성읍 조양로 220-10,,22:00~25:00,22:00~25:00,22:00~25:00,22:00~25:00,22:00~25:00,22:00~25:00,22:00~25:00,22:00~25:00
보룡약국,031-886-5147,"경기도 여주시 세종로 77, 1층 (홍문동)",,09:30~22:30,09:30~22:30,08:00~21:30,09:30~22:30,09:30~22:30,08:30~22:30,09:00~22:30,
보림약국,02-2248-2082,서울특별시 동대문구 장한로 115 (장안동),,14:00~26:00,14:00~26:00,14:00~26:00,14:00~26:00,14:00~26:00,09:00~26:00,09:00~26:00,09:00~26:00
보명당약국,042-255-3169,대전광역시 중구 대종로 313,대전광역시 중구 부사동 129-1,08:30~23:00,08:30~23:00,08:30~23:00,08:30~23:00,08:30~23:00,08:30~23:00,09:00~23:00,13:00~23:00
보명당한약국,054-855-3358,경상북도 안동시 광명로 161,경상북도 안동시 옥동 616번지 10호,10:00~23:00,10:00~23:00,10:00~23:00,10:00~23:00,10:00~23:00,10:00~23:00,10:00~18:00,10:00~23:00
복광당약국,053-857-1150,"경상북도 경산시 자인면 일연로 80,",경상북도 경산시 자인면 서부리 12-17번지 /자인면사무소맞은편,22:00~25:00,22:00~25:00,22:00~25:00,22:00~25:00,22:00~25:00,22:00~25:00,22:00~25:00,22:00~25:00
복음약국,053-252-1325,대구광역시 중구 달성로 29 (대신동),,09:30~24:00,09:30~24:00,09:30~24:00,09:30~24:00,09:30~24:00,09:30~24:00,12:00~24:00,
봉명메디칼약국,042-543-7572,"대전광역시 유성구 계룡로 120, 1층 102호 (봉명동)",,08:00~23:00,08:00~23:00,08:00~23:00,08:00~23:00,08:00~23:00,08:00~22:00,09:00~22:00,09:00~22:00
부광약국,041-578-6770,"충청남도 천안시 서북구 쌍용대로 296-1, 1층 일부 (성정동)",,08:30~22:30,08:30~22:30,08:30~22:30,08:30~22:30,08:30~22:30,08:30~22:30,09:00~21:00,08:30~22:30
부민약국,051-806-8074,부산광역시 부산진구 부전로66번길 50 (부전동),부산광역시 부산진구 부전2동 517-2,09:00~21:30,09:00~21:30,09:00~21:30,09:00~21:30,09:00~22:30,09:00~22:30,09:00~21:00,
부부온누리약국,064-742-5252,제주특별자치도 제주시 신대로16길 41,제주특별자치도 제주시 연동 283-12,17:00~27:00,17:00~27:00,17:00~27:00,17:00~27:00,17:00~27:00,12:00~27:00,17:00~27:00,17:00~27:00
부영약국,032)875-2391,인천광역시 미추홀구 한나루로 411 (학익동),인천광역시 남구 학익동  262-10 ,09:00~22:30,09:00~22:30,09:00~22:30,09:00~22:30,09:00~22:30,09:00~22:00,19:00~22:00,13:00~22:30
부천우리365약국,032-673-0424,"경기도 부천시 소사로 722, 103호 (원종동, 제이디 스카이빌)",,09:00~22:30,09:00~22:30,09:00~22:30,09:00~22:30,09:00~22:30,09:00~22:30,09:00~22:30,09:00~22:30
부평판도라약국,032-584-7595,"인천광역시 부평구 경인로 947 (부평동, 태성메디칼 109호110호)",,08:30~22:30,08:30~22:30,08:30~22:30,08:30~22:30,08:30~22:30,08:30~18:30,,
분당백화점약국,031-701-2231,"경기도 성남시 분당구 서현로210번길 17, 106호(서현동,광림프라자)",경기도 성남시 분당구 서현동 247-5,10:00~22:30,10:00~22:30,10:00~22:30,10:00~22:30,10:00~22:30,10:00~22:30,10:00~22:30,10:00~22:30
비온뒤숲속약국,02-332-3250,"서울특별시 마포구 월드컵로 111, (망원동)",서울특별시 마포구 망원2동 482-9,08:30~25:00,08:30~25:00,08:30~25:00,08:30~25:00,08:30~25:00,08:30~25:00,09:00~25:00,10:00~25:00
비타민약국,061-284-7571,"전라남도 목포시 하당로 278, (옥암동)",전라남도 목포시 옥암동 956번지,08:30~24:00,08:30~24:00,08:30~24:00,08:30~24:00,08:30~24:00,08:30~18:00,22:00~24:00,22:00~24:00
사나약국,051-922-9422,"부산광역시 부산진구 중앙대로 701, 1층 (부전동)",,22:00~25:00,22:00~25:00,22:00~25:00,22:00~25:00,22:00~25:00,22:00~25:00,22:00~25:00,22:00~25:00
사당365약국,02-588-9050,"서울특별시 관악구 과천대로 955, 1층 (남현동)",,08:00~23:30,08:00~23:30,08:00~23:30,08:00~23:30,08:00~23:30,08:00~23:00,08:00~23:00,09:00~23:00
사랑약국,07088711324,"경기도 수원시 팔달구 갓매산로 51, 105호 (매산로2가, 에스알프라자23차)",,09:00~23:59,09:00~23:59,09:00~23:59,09:00~23:59,09:00~23:59,09:00~23:59,09:00~23:59,09:00~23:59
사랑약국,054-247-2069,경상북도 포항시 북구 우창동로22번길 3-3 (우현동),경상북도 포항시 북구 우현1지구 토지구획정리사업지구 7블록 6롯트,09:00~23:00,09:00~23:00,09:00~23:00,09:00~23:00,09:00~23:00,09:00~18:00,09:00~18:00,09:00~18:00
사랑약국,063-229-1400,전라북도 전주시 완산구 백제대로 74 (삼천동1가),전라북도 전주시 완산구 삼천동1가 732-1,22:00~25:00,22:00~25:00,22:00~25:00,22:00~25:00,22:00~25:00,22:00~25:00,22:00~25:00,22:00~25:00
삼성약국,031-928-5436,"경기도 의정부시 비우로 60, 인창빌딩 1층 104호 (녹양동)",,22:00~25:00,22:00~25:00,22:00~25:00,22:00~25:00,22:00~25:00,22:00~25:00,22:00~25:00,22:00~25:00
삼송스타약국,02-2063-9100,"경기도 고양시 덕양구 고양대로 1955, 지하2층 (동산동, 스타필드고양)",,10:00~23:00,10:00~23:00,10:00~23:00,10:00~23:00,10:00~23:00,,,10:00~23:00
삼육오사랑약국,032-575-6849,"인천광역시 서구 칠천왕로33번길 14, 1층 일부호 (석남동)",,10:00~23:00,10:00~23:00,10:00~23:00,10:00~23:00,10:00~23:00,10:00~23:00,10:00~23:00,10:00~23:00
삼육오약국,033-763-4072,강원도 원주시 단구로 386 (단구동),,09:00~23:00,09:00~23:00,09:00~23:00,09:00~23:00,09:00~23:00,09:00~23:00,09:00~23:00,09:00~23:00
삼익약국,02-963-5490,"서울특별시 동대문구 회기로29길 35, 1층 (휘경동)",서울특별시 동대문구 이문동 392-6 ,09:30~22:30,09:30~22:30,09:30~22:30,09:30~22:30,09:30~22:30,14:00~22:30,,
삼일약국,031-256-1131,경기도 수원시 장안구 수성로245번길 64 (정자동) ,,22:00~25:00,22:00~25:00,22:00~25:00,22:00~25:00,22:00~25:00,22:00~25:00,22:00~25:00,22:00~25:00
삼정약국,02-712-4941,"서울특별시 용산구 원효로19길 72-1, 1층 (원효로3가)",서울특별시 용산구 원효로3가 255-2,08:30~22:30,08:30~22:30,08:30~22:30,08:30~22:30,08:30~22:30,09:00~22:00,15:00~21:00,
상계1번약국,02-938-1082,"서울특별시 노원구 한글비석로20길 23-1, 1층 (중계동)",,10:00~23:00,10:00~23:00,10:00~23:00,10:00~23:00,10:00~23:00,10:00~23:59,10:00~23:59,10:00~23:00
새 구정프라자약국,033-642-3474,강원도 강릉시 구정면 범일로 447,,08:00~23:00,08:00~23:00,08:00~23:00,08:00~23:00,08:00~23:00,08:00~23:00,08:00~23:00,08:00~23:00
새고운약국,02-973-9286,"서울특별시 노원구 동일로 1003, 1층 (공릉동)","서울특별시 노원구 공릉1,3동 615-21",09:00~25:00,09:00~25:00,09:00~25:00,09:00~25:00,09:00~25:00,09:00~25:00,10:00~25:00,10:00~25:00
새대우약국,02-2245-6510,"서울특별시 성동구 용답25길 14, (용답동)",서울특별시 성동구 용답동 26-7,09:00~22:30,09:00~22:30,09:00~22:30,09:00~22:30,09:00~22:30,08:30~22:30,09:00~22:00,
새동보약국,053-941-0427,대구광역시 동구 신암남로27길 81,대구광역시 동구 신암4동 333-1,08:30~22:30,08:30~22:30,08:30~22:30,08:30~22:30,08:30~22:30,08:30~22:30,08:00~22:00,08:30~22:30
새모란21세기약국,031-758-1940,"경기도 성남시 중원구 성남대로1148번길 2 , 1층 101,102,103호 (성남동, 소평빌딩) (성남동)","경기도 성남시 중원구 성남동 3492 소평빌딩 , 1층 101,102,103호 (성남동, 소평빌딩)",08:00~23:00,08:00~23:00,08:00~23:00,08:00~23:00,08:00~23:00,08:00~23:00,08:00~22:00,08:00~22:00
새모범약국,031-898-2292,경기도 용인시 수지구 포은대로 552,경기도 용인시 수지구 죽전동 1703,10:00~23:00,10:00~23:00,10:00~23:00,10:00~23:00,10:00~23:00,10:00~23:00,10:00~24:00,
새복음약국,055-325-8114,경상남도 김해시 활천로 35,경상남도 김해시 삼정동 98-10,09:00~24:00,09:00~24:00,09:00~24:00,09:00~24:00,09:00~24:00,22:00~24:00,22:00~24:00,22:00~24:00
새봄약국,032-562-8050,인천광역시 서구 중봉대로 587 ,인천광역시 서구 경서동  956-20 홈플러스 인천청라점 ,10:00~22:30,10:00~22:30,10:00~22:30,10:00~22:30,10:00~22:30,10:00~22:30,,10:00~23:00
새봄약국,054-859-1254,"경상북도 안동시 경동로 656, 홈플러스 (운흥동)",경상북도 안동시 운흥동 247-28 홈플러스 ,10:00~22:20,10:00~22:20,10:00~22:20,10:00~22:20,10:00~22:20,10:00~22:20,10:00~22:20,10:00~22:20
새생명약국,042-864-4661,"대전광역시 유성구 전민로70번길 38, (전민동)",대전광역시 유성구 전민동 337-2,09:00~22:30,09:00~22:30,09:00~22:30,09:00~22:30,09:00~22:30,09:00~22:30,,
새시대약국,031-245-4119,"경기도 수원시 팔달구 동말로48번길 6, (화서동)",경기도 수원시 팔달구 화서1동 175-6,08:00~23:00,08:00~23:00,08:00~23:00,08:00~23:00,08:00~23:00,08:00~22:30,,10:00~14:00
새시장약국,02-436-7554,"서울특별시 중랑구 망우로62길 81, (망우동)",서울특별시 중랑구 망우본동 465-15,09:30~23:00,09:30~23:00,09:30~23:00,09:30~23:00,09:30~23:00,09:30~23:00,,
새싹약국,031-211-2583,경기도 수원시 영통구 효원로 363,"경기도 수원시 영통구 효원로 363 (매탄동, 위브하늘채아파트상가)",09:00~13:00,08:30~22:30,08:30~22:30,08:30~22:30,08:30~22:30,09:00~16:00,09:00~13:00,
새우리약국,064-757-5149,제주특별자치도 제주시 서사로 36 (삼도일동),제주특별자치도 제주시 삼도일동 751-18 ,09:00~23:00,09:00~23:00,09:00~23:00,09:00~23:00,09:00~23:00,09:00~23:00,,
새인선약국,02-466-4159,서울특별시 성동구 광나루로11길 41-1  (송정동),서울특별시 성동구 송정동 73-880 ,09:00~23:00,09:00~23:00,09:00~23:00,09:00~23:00,09:00~23:00,09:00~23:00,,09:00~22:00
새중앙약국,055-385-0576,경상남도 양산시 서창로 59-1 (명동),,09:00~24:00,09:00~24:00,09:00~24:00,09:00~24:00,09:00~24:00,09:00~24:00,09:00~24:00,09:00~24:00
새하늘약국,02-971-0610,서울특별시 노원구 동일로 1308,서울특별시 노원구 중계동 515-2,09:00~22:30,09:00~22:30,09:00~22:30,09:00~22:30,09:00~22:30,09:00~22:30,09:00~22:30,10:30~22:30
새한약국,02-2651-1577,"서울특별시 강서구 등촌로 173, 1층 (등촌동)",서울특별시 강서구 등촌2동 531-1,09:00~22:30,09:00~22:30,09:00~22:30,09:00~22:30,09:00~22:30,09:00~22:30,18:00~22:30,
새현대약국,032-341-7467,경기도 부천시 역곡로 8  (역곡동),경기도 부천시 역곡동 82-10 ,10:00~25:00,10:00~25:00,10:00~25:00,10:00~25:00,10:00~25:00,08:30~25:00,08:30~25:00,
샘물약국,02-971-2268,서울특별시 노원구 노원로 43 (공릉동),서울특별시 노원구 공릉2동 230-15,09:00~22:30,09:00~22:30,09:00~22:30,09:00~22:30,09:00~22:30,09:00~22:30,,
서문제일약국,0542917416,경상북도 포항시 남구 오천읍 정몽주로 651,경상북도 포항시 남구 오천읍 용덕리 357-2 ,22:00~25:00,22:00~25:00,22:00~25:00,22:00~25:00,22:00~25:00,22:00~25:00,22:00~25:00,22:00~25:00
서신토마토약국,063-274-5755,전라북도 전주시 완산구 온고을로 66,전라북도 전주시 완산구 서신동 962-3,09:00~23:00,09:00~23:00,09:00~23:00,09:00~23:00,09:00~23:00,09:00~23:00,09:00~23:00,09:00~23:00
서울드림약국,031-915-1199,"경기도 고양시 일산동구 고봉로 20-21, 119호 (장항동, 양우로데오랜드)",,10:30~22:30,10:30~22:30,10:30~22:30,10:30~22:30,10:30~22:30,17:00~22:30,,17:00~23:00
서울메디약국,02-501-5063,서울특별시 강남구 역삼로 406  (대치동),서울특별시 강남구 대치동 908-2 ,10:00~23:00,10:00~23:00,10:00~23:00,10:00~23:00,10:00~23:00,10:00~23:00,11:00~22:00,
서울약국,044-863-8871,"세종특별자치시 남세종로 450, 보람빌딩 104호 (보람동)",,22:00~25:00,22:00~25:00,22:00~25:00,22:00~25:00,22:00~25:00,22:00~25:00,22:00~25:00,22:00~25:00
서울약국,031-842-9515,경기도 의정부시 시민로131번길 7,경기도 의정부시 의정부1동 173-16,10:30~23:30,10:30~23:30,10:30~23:30,10:30~23:30,10:30~23:30,10:30~23:30,15:00~22:00,
서울중앙약국,02-313-4483,"서울특별시 용산구 청파로 378, 1층 (동자동)",서울특별시 용산구 동자동 43-205 서울역(철도역) 1층,07:00~23:00,07:00~23:00,07:00~23:00,07:00~23:00,07:00~23:00,07:00~23:00,07:00~23:00,07:00~23:00
선약국,031-456-7125,경기도 의왕시 전주남이길 28  (오전동),경기도 의왕시 오전동 375-12 ,22:00~25:00,22:00~25:00,22:00~25:00,22:00~25:00,22:00~25:00,22:00~25:00,22:00~25:00,22:00~25:00
선약국,031-895-5888,"경기도 수원시 팔달구 덕영대로 899, 세진브론즈빌 102호 (매산로1가)",,08:00~23:00,08:00~23:00,08:00~23:00,08:00~23:00,08:00~23:00,08:00~23:00,08:00~23:00,08:00~23:00
선운포도약국,062-943-0031,"광주광역시 광산구 선운중앙로 46, 1층 (선암동)",,08:30~22:30,08:30~22:30,08:30~22:30,08:30~22:30,08:30~22:30,08:30~22:30,08:30~22:30,08:30~22:30
설약국,02-825-8272,"서울특별시 동작구 노량진로 124, 1층 (노량진동)",,08:00~23:00,08:00~23:00,08:00~23:00,08:00~23:00,08:00~23:00,09:00~23:00,09:00~23:00,09:00~23:00
설약국,02-2294-8274,서울특별시 성동구 마조로1길 39(행당동),,08:00~23:00,08:00~23:00,08:00~23:00,08:00~23:00,08:00~23:00,09:00~23:00,12:00~21:00,08:00~23:00
성가약국,043-836-2405,충청북도 증평군 증평읍 광장로 91,충청북도 증평군 증평읍 교동리 30,09:00~23:00,09:00~23:00,09:00~23:00,09:00~23:00,09:00~23:00,09:00~23:00,09:00~23:00,09:00~23:00
성균관약국,031-292-7300,"경기도 수원시 장안구 서부로 2107, (율전동)",경기도 수원시 장안구 율전동 433-79,22:00~25:00,22:00~25:00,22:00~25:00,22:00~25:00,22:00~25:00,22:00~25:00,22:00~25:00,22:00~25:00
성모약국,032-583-6083,"인천광역시 서구 원창로 174, 102,103호(신현동)",인천광역시 서구 신현동 75-2,00:00~24:00,00:00~24:00,00:00~24:00,00:00~24:00,00:00~24:00,00:00~24:00,00:00~24:00,00:00~24:00
성모약국,061-724-5707,전라남도 순천시 해룡면 순광로 220,전라남도 순천시 해룡면 복성리595,08:30~22:30,08:30~22:30,08:30~22:30,08:30~22:30,08:30~22:30,08:30~22:30,17:00~22:30,17:00~22:30
성모온누리약국,031-824-6969,"경기도 의정부시 행복로 31, 1층 (의정부동)",,09:00~22:20,09:00~22:20,09:00~22:20,09:00~22:20,09:00~22:20,,,
성지약국,02-972-9890,"서울특별시 중랑구 공릉로12가길 52, (묵동)",서울특별시 중랑구 묵1동 153-35,09:30~22:30,09:30~22:30,09:30~22:30,09:30~22:30,09:30~22:30,17:30~22:30,17:30~22:30,17:30~22:30
성화열린약국,043-233-8207,충청북도 청주시 서원구 서부로 1350,충청북도 청주시 서원구 성화개신죽림동 717,09:00~23:00,09:00~23:00,09:00~23:00,09:00~23:00,09:00~23:00,09:00~23:00,09:00~23:00,09:00~23:00
세계로약국,02-962-5446,서울특별시 성북구 화랑로40길 54 (석관동),,09:00~22:50,09:00~22:50,09:00~22:50,09:00~22:50,09:00~22:50,09:00~22:50,,08:30~16:00
세계로약국,041-577-6770,충청남도 천안시 서북구 월봉로 93 (쌍용동),,09:00~23:00,09:00~23:00,09:00~23:00,09:00~23:00,09:00~23:00,09:00~22:00,10:00~22:00,10:00~22:00
세계로약국,061-653-9777,"전라남도 여수시 여서로 158, (여서동)",전라남도 여수시 여서동 490-7,08:20~22:30,08:20~22:30,08:20~22:30,08:20~22:30,08:20~22:30,08:20~22:30,08:30~22:00,08:30~22:00
세곡온누리약국,070-8828-7963,"서울특별시 강남구 헌릉로569길 27, 2층 (세곡동)",,09:00~23:00,09:00~23:00,09:00~23:00,09:00~23:00,09:00~23:00,09:00~23:00,09:00~23:00,09:00~23:00
세란약국,042-486-0214,"대전광역시 서구 둔산로 34, 102호 (둔산동,씨엔씨타워)",대전광역시 서구 둔산2동 1039,00:00~24:00,00:00~24:00,00:00~24:00,00:00~24:00,00:00~24:00,00:00~24:00,00:00~24:00,00:00~24:00
세븐웰약국,032-328-8703,"경기도 부천시 길주로 118, 3층 (상동, 홈플러스부천상동점)",경기도 부천시 원미구 상동 540-1 삼성홈플러스상동점홈플러스상동점,09:00~23:00,09:00~23:00,09:00~23:00,09:00~23:00,09:00~23:00,09:00~24:00,09:00~23:00,
세원약국,02-922-6060,"서울특별시 성북구 동소문로20가길 51 (동선동1가, 수국빌딩)",,09:00~23:00,09:00~23:00,09:00~23:00,09:00~23:00,09:00~23:00,09:00~23:00,15:00~23:00,09:00~23:00
세종약국,041-579-3675,"충청남도 천안시 동남구 서부대로 276 , 101호 (신방동)","충청남도 천안시 동남구 신방동  886 학산프라자 , 101호 (신방동)",08:30~23:00,08:30~23:00,08:30~23:00,08:30~23:00,08:30~23:00,08:30~23:00,09:00~23:00,09:00~23:00
세종약국,051-758-4915,"부산광역시 수영구 광안해변로277번길 3, (민락동)",부산광역시 수영구 민락동 176-29,22:00~25:00,22:00~25:00,22:00~25:00,22:00~25:00,22:00~25:00,22:00~25:00,22:00~25:00,22:00~25:00
세화당약국,02-434-8794,서울특별시 중랑구 중랑역로 21  (중화동),서울특별시 중랑구 중화동 320-27 세화당약국 ,11:30~22:30,11:30~22:30,11:30~22:30,11:30~22:30,11:30~22:30,11:30~22:30,11:00~23:30,11:30~22:30
세화약국,064-784-8442,제주특별자치도 제주시 구좌읍 세화10길 1,제주특별자치도 제주시 구좌읍 상도리 1324-7,08:00~19:00,08:00~23:00,08:00~23:00,08:00~23:00,08:00~19:00,08:00~15:00,,08:00~12:00
센타약국,032-552-1168,"인천광역시 계양구 계산새로 93, 103호 (용종동,밀레니엄프라자)",인천광역시 계양구 용종동 211-4,10:00~25:00,10:00~25:00,10:00~25:00,10:00~25:00,10:00~25:00,11:00~22:00,,
센터약국,031-842-3600,"경기도 의정부시 행복로 32, 1층 (의정부동)",,09:00~23:00,09:00~23:00,09:00~23:00,09:00~23:00,09:00~23:00,09:00~23:00,09:00~23:00,09:00~23:00
센트럴약국,031-870-1999,"경기도 의정부시 시민로 80, 센트럴타워 1층 106호 (의정부동)",,22:00~25:00,22:00~25:00,22:00~25:00,22:00~25:00,22:00~25:00,22:00~25:00,22:00~25:00,22:00~25:00
셀약국,02-337-7959,"서울특별시 마포구 양화로 72, 1층 118호 (서교동)",,09:00~25:00,09:00~25:00,09:00~25:00,09:00~25:00,09:00~25:00,09:00~25:00,21:00~25:00,22:00~25:00
소담약국,062-651-4948,"광주광역시 서구 풍암중앙로 39, 광주은행(대복빌딩) 1층 (풍암동)",,08:30~19:30,08:30~19:30,08:30~19:30,08:30~23:00,08:30~23:00,08:30~14:00,,
송우수약국,031-541-8953,"경기도 포천시 소흘읍 솔모루로 9,",경기도 포천시 소흘읍 송우리 730-60 홈플러스1층,09:30~22:30,09:30~22:30,09:30~22:30,09:30~22:30,09:30~22:30,09:30~22:30,09:30~22:30,
송탄온누리약국,031-662-1102,"경기도 평택시 서정북로 71, (서정동)",경기도 평택시 서정동 782-4,09:00~23:00,09:00~23:00,09:00~23:00,09:00~23:00,09:00~23:00,09:00~23:00,09:00~23:00,09:00~23:00
송파24약국,02-400-1502,"서울특별시 송파구 송파대로 111, 하비오길 송파대로202동 161호 (문정동, 파크하비오)",,08:30~24:00,08:30~24:00,08:30~24:00,08:30~24:00,08:30~24:00,08:30~24:00,08:30~24:00,08:30~24:00
수내365약국,070-8829-0081,"경기도 성남시 분당구 내정로173번길 49, 궁전프라자-3 1층 111호 (수내동)",,10:00~22:30,10:00~22:30,10:00~22:30,10:00~22:30,10:00~22:30,10:00~22:30,10:00~22:30,10:00~22:30
수락프라자약국,02-935-7523,서울특별시 노원구 동일로 1669 (상계동),,09:00~22:30,09:00~22:30,09:00~22:30,09:00~22:30,09:00~22:30,09:00~22:30,09:00~22:00,09:00~22:00
수복약국,02-714-0667,서울특별시 용산구 새창로12길 12 (도원동),,07:30~25:00,07:30~25:00,07:30~25:00,07:30~25:00,07:30~25:00,07:30~25:00,07:30~25:00,07:30~25:00
수암약국,031-466-6258,"경기도 안양시 만안구 안양로292번길 31, (안양동)",경기도 안양시 만안구 안양1동 674-179,10:30~25:00,10:30~25:00,10:30~25:00,10:30~25:00,10:30~25:00,10:30~25:00,10:30~13:00,10:30~25:00
수약국,02-563-1601,"서울특별시 강남구 선릉로69길 19  (역삼동, 역삼래미안아파트)",서울특별시 강남구 역삼동 757 역삼래미안아파트 ,09:00~23:00,09:00~23:00,09:00~23:00,09:00~23:00,09:00~23:00,09:00~23:00,09:00~23:00,
수원제일큰약국,031-8067-7474,"경기도 수원시 팔달구 중부대로 20, 1층 (구천동)",,22:00~25:00,22:00~25:00,22:00~25:00,22:00~25:00,22:00~25:00,22:00~25:00,22:00~25:00,22:00~25:00
수유프라자약국,02-985-0071,서울특별시 강북구 덕릉로 42 (수유동) ,,09:00~23:00,09:00~23:00,09:00~23:00,09:00~23:00,09:00~23:00,09:00~23:00,,
수정온누리약국,054-535-6118,경상북도 상주시 중앙로 170 (남성동),경상북도 상주시 서성동 117-5 1층,22:00~25:00,22:00~25:00,22:00~25:00,22:00~25:00,22:00~25:00,22:00~25:00,22:00~25:00,22:00~25:00
쉼표약국,070-8728-0008,"서울특별시 송파구 올림픽로 지하 265, 잠실역2호선 B1층 126호 (신천동)",,07:00~23:00,07:00~23:00,07:00~23:00,07:00~23:00,07:00~23:00,07:00~23:00,07:00~23:00,07:00~23:00
스마일약국,053-322-1897,"대구광역시 북구 동암로12길 8, 칠곡홈플러스 1층 (동천동)",,10:00~22:30,10:00~22:30,10:00~22:30,10:00~22:30,10:00~22:30,10:00~22:30,10:00~22:30,10:00~22:30
스마일약국,053-521-7831,대구광역시 달서구 달구벌대로 1467,대구광역시 달서구 용산동 230-11(지하1층)/성서 홈플러스 내 230-11,10:00~22:30,10:00~22:30,10:00~22:30,10:00~22:30,10:00~22:30,10:00~22:30,10:00~22:30,10:00~22:30
스타약국,02-3481-6688,"서울특별시 서초구 강남대로 437, 대원빌딩 1층 (서초동)",,09:00~22:30,09:00~22:30,09:00~22:30,09:00~22:30,09:00~22:30,09:00~22:00,,
시장약국,031-486-7033,경기도 안산시 단원구 원초로 30,경기도 안산시 단원구 원곡2동 846,09:00~22:30,09:00~22:30,09:00~22:30,09:00~22:30,09:00~22:30,09:00~22:30,12:00~22:30,09:00~22:00
시장약국,02-532-6210,서울특별시 동작구 동작대로29길 17 (사당동),,08:30~23:00,08:30~23:00,08:30~23:00,08:30~23:00,08:30~23:00,08:30~19:00,10:00~15:00,08:30~19:00
시화마트약국,031-497-4904,"경기도 시흥시 정왕대로 210 (정왕동, 이마트 1층)",,09:30~23:00,09:30~23:00,09:30~23:00,09:30~23:00,09:30~23:00,09:30~23:00,09:00~23:00,10:00~23:00
신도림서진약국,02-000-0000,"서울특별시 구로구 새말로 102, 신도림포스빌 135,136호 (구로동)",,11:00~23:00,11:00~23:00,11:00~23:00,11:00~23:00,11:00~23:00,10:00~23:00,10:00~23:00,10:00~23:00
신라약국,02-467-1192,"서울특별시 성동구 광나루로11길 26-1, (송정동)",서울특별시 성동구 송정동 73-608,09:00~22:30,09:00~22:30,09:00~22:30,09:00~22:30,09:00~22:30,09:00~22:30,09:00~22:30,11:00~22:00
신명약국,02-387-1835,서울특별시 은평구 은평로 226 (응암동),서울특별시 은평구 응암동 61-6 ,09:00~23:00,09:00~23:00,09:00~23:00,09:00~23:00,09:00~23:00,09:00~22:00,,
신미소약국,02-855-9842,서울특별시 관악구 시흥대로 578 (신림동) ,서울특별시 관악구 신림동 1643 광안프라자,09:00~23:00,09:00~23:00,09:00~23:00,09:00~23:00,09:00~23:00,09:00~23:00,10:00~23:00,10:00~23:00
신사역365약국,070-8864-0704,"서울특별시 강남구 도산대로 지하102, 신사역 B1층 104호 (신사동)",,08:00~22:30,08:00~22:30,08:00~22:30,08:00~22:30,08:00~22:30,10:00~22:30,,
신사온누리약국,02-518-6243,"서울특별시 강남구 강남대로 598, 보림빌딩 지하1층 (논현동)",,09:30~23:00,09:30~23:00,09:30~23:00,09:30~23:00,09:30~23:00,09:30~18:30,,
신성메디칼약국,031-234-5335,"경기도 수원시 팔달구 권광로 187, 1층 (인계동)",경기도 수원시 팔달구 인계동 1113,09:00~23:00,09:00~23:00,09:00~23:00,09:00~23:00,09:00~23:00,,,
신성약국,031-595-8363,"경기도 남양주시 홍유릉로248번길 39, 123호 (금곡동,다남프라자)",경기도 남양주시 금곡동 651-10 외10필지 다남프라자 1층,08:00~23:00,08:00~23:00,08:00~23:00,08:00~23:00,08:00~23:00,08:00~13:00,10:00~20:00,10:00~01:00
신세계약국,043-292-5523,충청북도 청주시 서원구 1순환로1107번길 39 (분평동),,09:00~23:00,09:00~23:00,09:00~23:00,09:00~23:00,09:00~23:00,09:00~23:00,13:00~23:00,09:00~23:00
신세계약국,02-945-2636,서울특별시 종로구 종로 124-1,,09:00~23:00,09:00~23:00,09:00~23:00,09:00~23:00,09:00~23:00,09:00~22:00,13:00~21:00,14:00~21:00
신영약국,031-204-3835,"경기도 수원시 영통구 삼성로 2 , 1층 (신동)","경기도 수원시 영통구 신동  941 , 1층 (신동)",10:00~22:30,10:00~22:30,10:00~22:30,10:00~22:30,10:00~22:30,10:00~22:30,,10:00~22:40
신일약국,055-384-6878,경상남도 양산시 신기로 24 (신기동),,22:00~25:00,22:00~25:00,22:00~25:00,22:00~25:00,22:00~25:00,22:00~25:00,22:00~25:00,22:00~25:00
신일약국,02-312-1741,서울특별시 마포구 손기정로 54 (아현동) 1층,서울특별시 마포구 아현동 706-3 1층,09:30~22:30,09:30~22:30,09:30~22:30,09:30~22:30,09:30~22:30,13:00~19:00,16:00~22:00,
신제일약국,031-356-7304,"경기도 화성시 남양읍 남양시장로 79, 1층 103호 ((주)픽앤츄코리아)",,09:00~23:00,09:00~23:00,09:00~23:00,09:00~23:00,09:00~23:00,09:00~23:00,09:00~23:00,
신중앙약국,02-822-0443,서울특별시 동작구 흑석로 103 (흑석동),,08:30~24:00,08:30~24:00,08:30~24:00,08:30~24:00,08:30~24:00,13:00~24:00,13:00~24:00,13:00~24:00
신창대형약국,062-962-2022,"광주광역시 광산구 신창로 70, 1층 (신창동)",,09:00~22:30,09:00~22:30,09:00~22:30,09:00~22:30,09:00~22:30,09:00~22:30,09:00~21:00,09:00~21:00
신천그랜드약국,031-312-0993,경기도 시흥시 복지로 55 (대야동),,09:00~22:30,09:00~22:30,09:00~22:30,09:00~22:30,09:00~22:30,09:00~22:00,09:00~22:00,09:00~22:30
신천프라자약국,031-404-9311,"경기도 시흥시 수인로 3372, 신천프라자 (신천동)",,08:30~22:30,08:30~22:30,08:30~22:30,08:30~22:30,08:30~22:30,08:30~22:30,09:30~22:00,09:30~22:00
신촌대로약국,02-6346-2882,"서울특별시 서대문구 신촌로 121, 아남오피스텔 1층 103호 (창천동)",,11:00~24:00,11:00~24:00,11:00~24:00,11:00~24:00,11:00~24:00,11:00~24:00,11:00~24:00,11:00~24:00
신탄약국,042-932-1155,대전광역시 대덕구 대덕대로1470번길 68,대전광역시 대덕구 목상동 156-10,09:00~22:30,09:00~22:30,09:00~22:30,09:00~22:30,09:00~22:30,09:00~22:30,09:00~22:30,09:00~22:30
신평화약국,02-2233-2587,서울특별시 중구 청계천로 298  (신당동),서울특별시 중구 신당동 217-1 신평화상가 ,12:00~23:59,12:00~23:59,12:00~23:59,12:00~23:59,12:00~23:59,,,
신현대약국,051-802-4605,"부산광역시 부산진구 가야대로 761, 1층 (부전동)",부산광역시 부산진구 부전동 485번지 13호,09:00~22:30,09:00~22:30,09:00~22:30,09:00~22:30,09:00~22:30,09:00~21:00,,
쌍용부광약국,041-567-6770,"충청남도 천안시 서북구 충무로 155 (쌍용동, 우리척병원)",,08:30~24:00,08:30~24:00,08:30~24:00,08:30~24:00,08:30~24:00,08:30~24:00,09:00~24:00,09:00~24:00
아람약국,044-862-5265,"세종특별자치시 보듬3로 143, 대영프라자 102호 (아름동)",,22:00~25:00,22:00~25:00,22:00~25:00,22:00~25:00,22:00~25:00,22:00~25:00,22:00~25:00,22:00~25:00
아름다운달과별약국,02-3157-2088,"서울특별시 은평구 통일로 855-8, (갈현동, 연신내진원와이타운)",서울특별시 은평구 갈현동 396-12,09:00~23:00,09:00~23:00,09:00~23:00,09:00~23:00,09:00~23:00,09:00~23:00,10:00~22:00,10:00~22:00
아림약국,02-884-5221,서울특별시 관악구 호암로26길 57,서울특별시 관악구 대학동 1516-9,10:00~22:40,10:00~22:40,10:00~22:40,10:00~22:40,10:00~22:40,10:00~22:40,,
아이약국,043-221-8275,충청북도 청주시 청원구 주성로 273 (주성동),,08:00~23:00,08:00~23:00,08:00~23:00,08:00~23:00,08:00~23:00,09:00~18:00,09:00~18:00,09:00~18:00
안재경약국,043-847-3363,충청북도 충주시 국원대로 184,충청북도 충주시 연수동 881,08:30~23:30,08:30~23:30,08:30~23:30,08:30~23:30,08:30~23:30,08:30~23:30,09:00~24:00,08:30~23:30
압구정예주약국,02-545-3819,"서울특별시 강남구 압구정로29길 65, 442빌딩 지하1층 (압구정동)",,09:00~22:30,09:00~22:30,09:00~22:30,09:00~22:30,09:00~22:30,09:00~22:30,09:00~22:30,09:00~22:30
앞서가는 21세기 약국,031-266-5235,"경기도 용인시 수지구 대지로 20, 죽전빌딩 101, 102호 (죽전동)",,09:00~22:30,09:00~22:30,09:00~22:30,09:00~22:30,09:00~22:30,09:00~22:00,10:00~22:00,09:00~22:00
약사랑약국,02-2039-9112,"서울특별시 강남구 테헤란로 339, 1층 (역삼동)",,09:00~23:00,09:00~23:00,09:00~23:00,09:00~23:00,09:00~23:00,09:00~20:00,09:00~20:00,09:00~20:00
약손약국,063-861-1033,전라북도 익산시 함열읍 함열중앙로 7,전라북도 익산시 함열읍 와리 546-1,09:00~22:30,09:00~22:30,09:00~22:30,09:00~22:30,09:00~22:30,09:00~22:30,09:00~22:30,09:00~22:00
약수태평양약국,02-812-7088,서울특별시 동작구 장승배기로 7 (상도동),,10:00~23:00,10:00~23:00,10:00~23:00,10:00~23:00,10:00~23:00,10:00~23:00,,
양생약국,02-872-9954,"서울특별시 관악구 남부순환로234길 27, (봉천동)",서울특별시 관악구 낙성대동 1621-1,09:00~23:00,09:00~23:00,09:00~23:00,09:00~23:00,09:00~23:00,09:00~22:00,,09:00~23:00
양월약국,02-2226-5987,"서울특별시 강남구 개포로82길 13-11, 105호 (개포동)",,09:30~22:30,09:30~22:30,09:30~22:30,09:30~22:30,09:30~22:30,09:30~22:30,09:30~22:30,
에메랄드약국,02-3443-0991,"서울특별시 강남구 도산대로 122, 에메랄드타워 1층 (논현동)",,09:00~22:30,09:00~22:30,09:00~22:30,09:00~22:30,09:00~22:30,10:00~22:30,10:00~22:00,10:00~22:00
에버그린약국,031-282-3298,"경기도 용인시 기흥구 용구대로 2457 , 1층 (보정동)","경기도 용인시 기흥구 보정동 1019-488 이마트트레이더스 구성점 , 1층",10:00~23:00,10:00~23:00,10:00~23:00,10:00~23:00,10:00~23:00,,,
여의도씨티약국,02-784-8285,"서울특별시 영등포구 여의대방로 375, 109호(여의도동,아일렉스타워)",서울특별시 영등포구 여의도동 44-37,08:30~22:30,08:30~22:30,08:30~22:30,08:30~22:30,08:30~22:30,08:30~18:00,,
역전약국,042-256-3731,대전광역시 동구 대전로 812 (정동),,08:00~22:20,08:00~22:20,08:00~22:20,08:00~22:20,08:00~22:20,08:00~22:20,08:00~22:20,08:00~22:20
역전약국,031-245-3521,"경기도 수원시 팔달구 덕영대로 899, 세진브론즈빌 2층 211호 (매산로1가)",,07:00~24:00,07:00~24:00,07:00~24:00,07:00~24:00,07:00~24:00,07:00~24:00,07:00~24:00,07:00~24:00
연남약국,02-336-1533,서울특별시 마포구 양화로21길 31  (동교동),서울특별시 마포구 동교동 153-1 ,11:00~23:00,11:00~23:00,11:00~23:00,11:00~23:00,11:00~23:00,11:00~23:00,11:00~23:00,11:00~23:00
연진약국,02-462-3355,서울특별시 광진구 아차산로29길 12,서울특별시 광진구 화양동 9-90,11:30~23:45,11:30~23:45,11:30~23:45,11:30~23:45,11:30~23:45,11:30~23:45,,
열린마트약국,031-468-1662,경기도 안양시 동안구 비산로52번길 20,경기도 안양시 동안구 비산동 544-1 ,10:00~23:00,10:00~23:00,10:00~23:00,10:00~23:00,10:00~23:00,10:00~23:00,,
열린연세약국,032-882-7749,인천광역시 미추홀구 토금남로 55,인천광역시 남구 학익동 661-1 ,08:30~23:00,08:30~23:00,08:30~23:00,08:30~23:00,08:30~23:00,08:30~18:00,09:00~18:00,09:00~18:00
열한시약국,070-8842-5555,"경기도 용인시 기흥구 죽전로 49, 씨티프라자 302호 (보정동)",,09:00~23:00,09:00~23:00,09:00~23:00,09:00~23:00,09:00~23:00,09:00~23:00,09:00~23:00,09:00~23:00
염약국,063-278-7989,전라북도 전주시 덕진구 매봉로 29-1 (금암동),,22:00~25:00,22:00~25:00,22:00~25:00,22:00~25:00,22:00~25:00,22:00~25:00,22:00~25:00,22:00~25:00
영광약국,051-247-7989,부산광역시 서구 대영로 65-1,부산광역시 서구 부용동2가 87-1,22:00~25:00,22:00~25:00,22:00~25:00,22:00~25:00,22:00~25:00,22:00~25:00,22:00~25:00,22:00~25:00
영광종로약국,042-931-6375,"대전광역시 유성구 반석로 23, 1층 104호 (반석동, 제일프라자)",,22:00~25:00,22:00~25:00,22:00~25:00,22:00~25:00,22:00~25:00,22:00~25:00,22:00~25:00,22:00~25:00
영대정문약국,053-811-5354,경상북도 경산시 대학로 285 (대동),,10:00~22:30,10:00~22:30,10:00~22:30,10:00~22:30,10:00~22:30,10:00~22:00,10:00~22:00,10:00~22:00
영동약국,031-418-3112,"경기도 안산시 상록구 용신로 382, 105~106호 (본오동, 상경빌딩)",,08:30~23:00,08:30~23:00,08:30~23:00,08:30~23:00,08:30~23:00,08:30~23:00,08:30~23:00,08:30~23:00
영재약국,064-783-1959,제주특별자치도 제주시 조천읍 신북로 510-1,제주특별자치도 제주시 조천읍 함덕리 1253-3,09:00~23:00,09:00~23:00,09:00~23:00,09:00~23:00,09:00~23:00,08:30~18:00,11:00~20:00,09:00~12:00
영주대학로약국,054-638-1266,"경상북도 영주시 대학로 323, 1층 (가흥동)",,08:00~23:00,08:00~23:00,08:00~23:00,08:00~23:00,08:00~23:00,08:00~23:00,08:00~23:00,08:00~23:00
영천온누리약국,070-4233-7000,경상북도 포항시 북구 장량로 32 (장성동),경상북도 포항시 북구 장성동 1527번지 3호,08:30~22:45,08:30~22:45,08:30~22:45,08:30~22:45,08:30~22:45,08:30~22:00,16:00~22:00,08:30~22:00
예약국,054-334-2111,"경상북도 영천시 청솔길 23-6 (망정동, 청솔아파트)",,22:00~25:00,22:00~25:00,22:00~25:00,22:00~25:00,22:00~25:00,22:00~25:00,22:00~25:00,22:00~25:00
오가네약국,061-724-5505,전라남도 순천시 해룡면 신대로 116 ,전라남도 순천시 해룡면 신대리 1985-4 ,08:30~24:00,08:30~24:00,08:30~24:00,08:30~24:00,08:30~24:00,08:30~24:00,08:30~24:00,08:30~24:00
오렌지 은 약국,061-685-9400,전라남도 여수시 시청로 34  (학동),전라남도 여수시 학동 36-1 ,08:30~23:00,08:30~23:00,08:30~23:00,08:30~23:00,08:30~22:00,08:30~22:00,15:00~22:00,08:30~22:00
오룡대형약국,042-222-0666,"대전광역시 중구 계룡로 809, 1층 (용두동, 동성빌딩)",,09:00~23:00,09:00~23:00,09:00~23:00,09:00~23:00,09:00~23:00,09:00~23:00,09:00~23:00,09:00~23:00
오름아래약국,064-805-2093,"제주특별자치도 제주시 삼무로 18, 제주연동 하우스디어반 105호 (연동)",,09:00~23:00,09:00~23:00,09:00~23:00,09:00~23:00,09:00~23:00,09:00~23:00,10:30~14:00,
오메가약국,032-574-7533,인천광역시 동구 봉수대로 82,인천광역시 동구 송림동 296-2,10:00~23:00,10:00~23:00,10:00~23:00,10:00~23:00,10:00~23:00,10:00~23:00,,10:00~22:30
오약국,055-354-8607,"경상남도 밀양시 중앙로 289, (삼문동)",경상남도 밀양시 삼문동 220-7,09:00~22:30,09:00~22:30,09:00~22:30,09:00~22:30,09:00~22:30,09:00~22:30,11:00~19:00,10:00~22:00
온누리대산약국,02-853-4967,"서울특별시 관악구 시흥대로 560, 1층 (신림동)",,09:00~23:00,09:00~23:00,09:00~23:00,09:00~23:00,09:00~23:00,09:00~23:00,17:00~22:00,
온누리동광약국,052-296-6786,"울산광역시 중구 손골4길 6, 1층 (복산동)",,14:00~25:00,14:00~25:00,14:00~25:00,14:00~25:00,14:00~25:00,22:00~25:00,22:00~25:00,22:00~25:00
온누리우주약국,031-651-7997,경기도 안성시 공도읍 진사길 34,경기도 안성시 공도읍 진사리 36-2,08:30~22:30,08:30~22:30,08:30~22:30,08:30~22:30,08:30~22:30,08:30~22:00,,
온누리이화당약국,062-672-5511,"광주광역시 남구 서문대로654번길 4, 1층 (진월동)",광주광역시 남구 진월동 438-13,08:30~23:00,08:30~23:00,08:30~23:00,08:30~23:00,08:30~23:00,08:30~23:00,10:30~23:00,08:30~23:00
올리브약국,063-856-5677,전라북도 익산시 서동로 112 (동산동),전라북도 익산시 동산동 1055-1 미래전기철물 (동산동),22:00~25:00,22:00~25:00,22:00~25:00,22:00~25:00,22:00~25:00,22:00~25:00,22:00~25:00,22:00~25:00
옵티마청주제일약국,043-294-0188,충청북도 청주시 상당구 월평로184번길 5 (용암동),,08:30~23:00,08:30~23:00,08:30~23:00,08:30~23:00,08:30~23:00,08:30~23:00,09:00~23:00,09:00~23:00
옵티마프라자약국,032-743-6789,"인천광역시 중구 공항로 272 (운서동, 인천국제공항여객터미널 3층)",,04:00~23:00,04:00~23:00,04:00~23:00,04:00~23:00,04:00~23:00,04:00~23:00,04:00~23:00,04:00~23:00
옵티마하남약국,031-791-2389,"경기도 하남시 신장로 156, 107,108호 (덕풍동, 하남프라자)","경기도 하남시 덕풍동 394-1 하남프라자 107,108호",09:00~23:00,09:00~23:00,09:00~23:00,09:00~23:00,09:00~23:00,09:00~21:00,09:00~21:00,09:00~21:00
와부약국,031-577-7949,"경기도 남양주시 와부읍 덕소로 94,",경기도 남양주시 와부읍 덕소리 473-8,09:00~23:00,09:00~23:00,09:00~23:00,09:00~23:00,09:00~23:00,09:00~11:00,12:00~23:00,09:00~23:00
완미약국,02-457-3583,"서울특별시 광진구 자양로 194, (구의동)",서울특별시 광진구 구의동 234-16,09:00~23:00,09:00~23:00,09:00~23:00,09:00~23:00,09:00~23:00,09:00~23:00,16:00~23:00,16:00~23:00
외대조은약국,02-960-4983,"서울특별시 동대문구 휘경로 10, 1층 (이문동)",,09:00~24:00,09:00~24:00,09:00~24:00,09:00~24:00,09:00~24:00,09:00~24:00,10:00~24:00,10:00~24:00
용인강남약국,031-283-5453,경기도 용인시 기흥구 신구로12번길 12  (신갈동),경기도 용인시 기흥구 신갈동 64-10 ,09:00~23:30,09:00~23:30,09:00~23:30,09:00~23:30,09:00~23:30,09:00~23:30,,09:00~23:30
용인태평양약국,031-336-3292,"경기도 용인시 처인구 백옥대로1068번길 1, (김량장동)",경기도 용인시 처인구 김량장동 12-2,09:00~23:00,09:00~23:00,09:00~23:00,09:00~23:00,09:00~23:00,,,
용한약국,032-424-4732,"인천광역시 부평구 열우물로50번길 9-2, (십정동)",인천광역시 부평구 십정동 397-20,09:00~22:30,09:00~22:30,09:00~22:30,09:00~22:30,09:00~22:30,09:00~23:00,,09:00~23:00
용화당약국,031-953-8792,"경기도 파주시 파주읍 혜음로 1689 , 용화당 약국 ","경기도 파주시 파주읍 연풍리 286-14 한마음약국 , 용화당 약국",22:00~25:00,22:00~25:00,22:00~25:00,22:00~25:00,22:00~25:00,22:00~25:00,22:00~25:00,22:00~25:00
우리들약국,063-901-9128,"전라북도 전주시 덕진구 권삼득로 303, 1층 (금암동)",,10:00~22:30,10:00~22:30,10:00~22:30,10:00~22:30,10:00~22:30,10:00~22:30,10:00~22:30,10:00~22:30
우리들약국,031-885-5121,경기도 여주시 세종로 73,경기도 여주시 여주읍 홍문리 269-1,08:30~22:30,08:30~22:30,08:30~22:30,08:30~22:30,08:30~22:30,08:30~22:00,,08:30~22:30
우리들약국,02-427-0012,"서울특별시 강동구 올림픽로 781, (암사동)",서울특별시 강동구 암사2동 502-20,09:00~25:00,09:00~25:00,09:00~25:00,09:00~25:00,09:00~25:00,09:00~25:00,10:00~25:00,09:00~25:00
우리온누리약국,051-728-2674,"부산광역시 기장군 정관면 정관중앙로 56, 101호 (프라임클리닉센터)",부산광역시 기장군 정관읍 매학리 748-2 프라임빌딩 ,09:00~23:00,09:00~23:00,09:00~23:00,09:00~23:00,09:00~23:00,09:00~18:00,09:00~18:00,09:00~18:00
우리집약국,041-585-1145,충청남도 천안시 서북구 직산읍 군수1길 1,,09:00~25:00,09:00~25:00,09:00~25:00,09:00~25:00,09:00~25:00,09:00~25:00,09:00~25:00,09:00~25:00
우림약국,031-582-5661,경기도 가평군 가평읍 가화로 155-19 (우림약국),,22:00~25:00,22:00~25:00,22:00~25:00,22:00~25:00,22:00~25:00,22:00~25:00,22:00~25:00,22:00~25:00
우정약국,02-432-4927,"서울특별시 중랑구 망우로 428, 우정약국 1층 (망우동)",,09:30~22:20,09:30~22:20,09:30~22:20,09:30~22:20,09:30~22:20,09:30~22:20,09:30~22:00,09:30~22:00
우주약국,02-481-5050,서울특별시 강동구 양재대로 1571 홈플러스 지하 2층,서울특별시 강동구 천호동 42 천호복합 상업시설 홈플러스 지하 2층,10:00~24:00,10:00~24:00,10:00~24:00,10:00~24:00,10:00~24:00,10:00~24:00,10:30~23:00,
원이약국,02-333-3131,"서울특별시 마포구 와우산로 94, 제2기숙사 지하1층 B110호 (상수동)",,09:30~23:00,09:30~23:00,09:30~23:00,09:30~23:00,09:30~23:00,11:00~22:00,09:30~23:00,
원주대문약국,033-763-6342,"강원도 원주시 서원대로 174, (단계동)",강원도 원주시 단계동 882번지 덕윤빌딩 1층,22:00~25:00,22:00~25:00,22:00~25:00,22:00~25:00,22:00~25:00,22:00~25:00,22:00~25:00,22:00~25:00
원주대형약국,033-733-1065,강원도 원주시 호저면 원문로 691,,08:00~23:00,08:00~23:00,08:00~23:00,08:00~23:00,08:00~23:00,08:00~23:00,08:00~23:00,08:00~23:00
원플러스약국,02-3422-6953,"서울특별시 중랑구 신내로 201, 1층 (신내동, 홈플러스 서울 신내점)",,10:00~23:00,10:00~23:00,10:00~23:00,10:00~23:00,10:00~23:00,10:00~23:00,10:00~23:00,09:00~23:00
웰빙프라자약국,031-381-8284,"경기도 안양시 동안구 평촌대로 131, 101호 (호계동, 아카데미센터)",,09:00~22:30,09:00~22:30,09:00~22:30,09:00~22:30,09:00~22:30,09:00~22:30,,
위례수약국,031-756-0365,"경기도 성남시 수정구 위례서일로 18, 102, 103호 (창곡동, 더존메디칼타워)",,09:00~25:00,09:00~25:00,09:00~25:00,09:00~25:00,09:00~25:00,09:00~25:00,10:00~25:00,10:00~25:00
위례진약국,031-754-5082,"경기도 성남시 수정구 위례광장로 322, 아이플렉스 1층 119호 (창곡동)",,09:00~23:00,09:00~23:00,09:00~23:00,09:00~23:00,09:00~23:00,09:00~23:00,09:00~23:00,09:00~23:00
위성숙모어모아새한양약국,031-407-5823,"경기도 안산시 상록구 본삼로 38, 3동 105호 (본오동, 월드상가)",,09:00~23:00,09:00~23:00,09:00~23:00,09:00~23:00,09:00~23:00,09:00~23:00,09:00~23:00,09:00~23:00
유경약국,02-591-5027,"서울특별시 서초구 방배중앙로 167, (방배동)",서울특별시 서초구 방배본동 778-8,08:30~22:30,08:30~22:30,08:30~22:30,08:30~22:30,08:30~22:30,08:30~22:30,09:00~22:00,
윤호약국,02-400-0148,"서울특별시 송파구 마천로 311, 윤호약국 (마천동)",,09:00~22:30,09:00~22:30,09:00~22:30,09:00~22:30,09:00~22:30,09:00~22:00,,
율량큰사랑약국,043-211-0926,충청북도 청주시 청원구 율봉로175번길 10-4  (율량동),충청북도 청주시 청원구 율량동 882 ,08:30~22:30,08:30~22:30,08:30~22:30,08:30~22:30,08:30~22:30,08:30~22:30,09:00~22:30,09:00~22:00
으뜸약국,061-471-7684,전라남도 영암군 영암읍 낭주로 173,전라남도 영암군 영암읍 역리 149-3,08:30~25:00,08:30~25:00,08:30~25:00,08:30~25:00,08:30~25:00,22:00~25:00,22:00~25:00,22:00~25:00
으뜸약국,041-588-7574,"충청남도 천안시 서북구 직산읍 자은가리1길 68, 상가동 104호 (우성아파트)",,08:30~22:30,08:30~22:30,08:30~22:30,08:30~22:30,08:30~22:30,08:30~22:30,08:30~22:30,08:30~22:30
은하약국,02-372-1513,"서울특별시 서대문구 명지대3길 1, (남가좌동)",서울특별시 서대문구 남가좌2동 5-178,09:30~23:30,09:30~23:30,09:30~23:30,09:30~23:30,09:30~23:30,09:30~23:30,,
은혜약국,02-992-9191,서울특별시 도봉구 도봉로118길 11 (창동),서울특별시 도봉구 창1동 661-15,09:00~23:00,09:00~23:00,09:00~23:00,09:00~23:00,09:00~23:00,09:00~18:00,,
은혜약국,031-876-7600,"경기도 의정부시 진등로 1, 1층 103호 (녹양동)",경기도 의정부시 녹양동 154-24 1층,09:00~22:30,09:00~22:30,09:00~22:30,09:00~22:30,09:00~22:30,09:00~22:30,09:00~22:00,
이도약국,032-562-8050,"인천광역시 서구 중봉대로 587, 지하2층 (경서동, 홈플러스 청라점)",,10:00~22:30,10:00~22:30,10:00~22:30,10:00~22:30,10:00~22:30,10:00~22:30,10:00~22:30,
이마트약국,031-492-0615,"경기도 안산시 단원구 중앙대로 397, 1층 (신길동, 이마트트레이더스 신길점)",,10:00~23:00,10:00~23:00,10:00~23:00,10:00~23:00,10:00~23:00,10:00~23:00,10:00~23:00,
이수약국,043-851-1644,충청북도 충주시 국원대로 187 (금릉동),,09:00~24:00,09:00~24:00,09:00~24:00,09:00~24:00,09:00~24:00,09:00~24:00,09:00~24:00,09:00~24:00
이오당약국,02-577-1711,서울특별시 서초구 동산로6길 38  (양재동),서울특별시 서초구 양재동 341-2 ,09:00~23:00,09:00~23:00,09:00~23:00,09:00~23:00,09:00~23:00,09:00~23:00,,
이원약국,02-946-1958,서울특별시 강북구 삼양로 244 (미아동),,08:00~23:00,08:00~23:00,08:00~23:00,08:00~23:00,08:00~23:00,08:00~23:00,08:00~23:00,08:00~23:00
이지약국,031-373-9970,"경기도 화성시 동탄순환대로 708, 103호 (영천동, 에듀프라자1)",,09:00~25:00,09:00~25:00,09:00~25:00,09:00~25:00,09:00~25:00,09:00~25:00,12:00~25:00,12:00~25:00
이진약국,041-531-9474,"충청남도 아산시 배방읍 희망로46번길 45-9, 1층 102호 (정주프라자)",,08:00~23:00,08:00~23:00,08:00~23:00,08:00~23:00,08:00~23:00,08:00~22:00,08:00~18:00,08:00~18:00
이팜약국,051-862-7290,부산광역시 연제구 연수로 89 ,부산광역시 연제구 연산동 822-7 신세계연제점E마트 ,10:00~22:30,10:00~22:30,10:00~22:30,10:00~22:30,10:00~22:30,10:00~22:30,10:00~22:30,10:00~22:30
이화약국,031-444-3485,"경기도 안양시 동안구 관악대로 129, 202호 (비산동)",,08:00~22:30,08:00~22:30,08:00~22:30,08:00~22:30,08:00~22:30,09:00~16:00,09:00~17:00,
인계햇살약국,070-4134-2935,경기도 수원시 팔달구 인계로 53,경기도 수원시 팔달구 인계동 871-5 1층,09:00~22:50,09:00~22:50,09:00~22:50,09:00~22:50,09:00~22:50,09:00~22:50,09:00~22:50,09:00~22:50
인하사랑약국,032-872-9094,인천광역시 미추홀구 인하로77번길 6 (용현동),,09:00~23:00,09:00~23:00,09:00~23:00,09:00~23:00,09:00~23:00,10:00~23:00,10:00~23:00,10:00~23:00
인화약국,043-263-3770,"충청북도 청주시 서원구 모충로12번길 9-13, 1층 5호 (개신동, 한사랑아파트)",충청북도 청주시 서원구 성화개신죽림동 442-3,11:00~23:00,11:00~23:00,11:00~23:00,11:00~23:00,11:00~23:00,11:00~23:00,12:00~23:00,11:00~23:00
인화약국,031-222-7979,"경기도 수원시 권선구 권광로 77, 102호 (권선동)",경기도 수원시 권선구 권선동 1042-9,09:00~23:00,09:00~23:00,09:00~23:00,09:00~23:00,09:00~23:00,09:00~23:00,09:00~23:00,09:00~23:00
일등365약국,031-483-1442,"경기도 안산시 단원구 선이로 20, 1층 102호( 내부적)호 (선부동)",,10:00~22:30,10:00~22:30,10:00~22:30,10:00~22:30,10:00~22:30,10:00~22:30,10:00~22:30,10:00~22:30
일등약국,041-858-5533,충청남도 공주시 번영1로 124,충청남도 공주시 신관동 26,08:30~23:00,08:30~23:00,08:30~23:00,08:30~23:00,08:30~23:00,08:30~23:00,08:30~23:00,08:30~23:00
일출약국,02-333-3806,"서울특별시 마포구 독막로 85, 1층 (상수동)",,11:00~23:00,11:00~23:00,11:00~23:00,11:00~23:00,11:00~23:00,11:00~23:00,11:00~23:00,11:00~23:00
일층가락약국,02-404-2101,"서울특별시 송파구 양재대로 932, 105호 (가락동, 가락몰 관리업무동)",,08:00~23:00,08:00~23:00,08:00~23:00,08:00~23:00,08:00~23:00,09:00~17:00,,
임영약국,033-643-6071,강원도 강릉시 율곡로 2937,강원도 강릉시 교1동 825-21,22:00~25:00,22:00~25:00,22:00~25:00,22:00~25:00,22:00~25:00,22:00~25:00,22:00~25:00,22:00~25:00
자명약국,02-867-6968,서울특별시 구로구 디지털로 219 (가리봉동),,18:00~23:00,18:00~23:00,18:00~23:00,18:00~23:00,18:00~23:00,18:00~23:00,,
자연약국,064-712-1596,"제주특별자치도 제주시 노연로 90, 1층 (연동)",,09:00~22:30,09:00~22:30,09:00~22:30,09:00~22:30,09:00~22:30,09:00~22:30,09:00~22:30,09:00~22:30
자연주의약국,02-2235-0306,서울특별시 중구 다산로 90 ,서울특별시 중구 신당동 366-16 ,08:50~23:00,08:50~23:00,08:50~23:00,08:50~23:00,08:50~23:00,08:50~22:00,,
자인당약국,02-933-4956,서울특별시 노원구 노해로 508,서울특별시 노원구 노해길 506,09:00~22:30,09:00~22:30,09:00~22:30,09:00~22:30,09:00~22:30,09:00~22:30,13:00~21:00,09:00~23:30
장수알파약국,02-3487-4233,"서울특별시 서초구 서초중앙로 38, 정원빌딩 1층 (서초동)",,09:00~25:00,09:00~25:00,09:00~25:00,09:00~25:00,09:00~25:00,09:00~22:00,22:00~25:00,22:00~25:00
장수약국,02-843-2843,"서울특별시 영등포구 신풍로 46, (신길동)",서울특별시 영등포구 신길6동 3844,08:00~22:50,08:00~22:50,08:00~22:50,08:00~22:50,08:00~22:50,08:00~22:50,,08:00~22:50
장춘당약국,054-631-2235,경상북도 영주시 중앙로 95 (영주동),,08:30~23:00,08:30~23:00,08:30~23:00,08:30~23:00,08:30~23:00,08:30~23:00,08:30~23:00,08:30~23:00
재창약국,054-434-2678,"경상북도 김천시 김천로 31, (평화동)",경상북도 김천시 평화동 452-38,09:00~23:00,09:00~23:00,09:00~23:00,09:00~23:00,09:00~23:00,09:00~23:00,09:00~23:00,09:00~23:00
전승완약국,031-734-6041,"경기도 성남시 중원구 광명로 372, 1층 (금광동)",경기도 성남시 중원구 금광1동 1938,09:00~24:00,09:00~24:00,09:00~24:00,09:00~24:00,09:00~24:00,09:00~24:00,09:00~24:00,08:30~24:00
전주종로약국중화산점,063-226-7585,전라북도 전주시 완산구 백제대로 262 (중화산동2가),,09:00~22:30,09:00~22:30,09:00~22:30,09:00~22:30,09:00~22:30,09:00~22:00,10:00~22:00,09:00~22:00
정문온누리약국,02-549-3003,서울특별시 은평구 진흥로 196,서울특별시 은평구 녹번동 117-111,08:00~23:00,08:00~23:00,08:00~23:00,08:00~23:00,08:00~23:00,08:30~22:00,08:30~22:00,08:30~22:00
정성약국,051-631-4298,"부산광역시 동구 정공단로 35, 1층 (좌천동)",,09:00~18:00,09:00~24:00,09:00~18:00,09:00~18:00,09:00~24:00,09:00~21:00,09:00~21:00,09:00~17:00
정약국,041-667-7584,충청남도 서산시 안견로 284,충청남도 서산시 읍내동 101-1,22:00~25:00,22:00~25:00,22:00~25:00,22:00~25:00,22:00~25:00,22:00~25:00,22:00~25:00,22:00~25:00
정원약국,02-755-5866,"서울특별시 중구 세종대로18길 10, (태평로2가)",서울특별시 중구 태평로2가 52,08:30~22:30,08:30~22:30,08:30~22:30,08:30~22:30,08:30~22:30,10:00~22:00,,11:00~22:00
정화약국,031-577-8366,"경기도 남양주시 와부읍 덕소로 218, 103,104호 (와부읍)",,22:00~25:00,22:00~25:00,22:00~25:00,22:00~25:00,22:00~25:00,22:00~25:00,22:00~25:00,22:00~25:00
제세약국,031-651-7714,경기도 평택시 조개터로42번길 58 (합정동),,09:00~23:00,09:00~23:00,09:00~23:00,09:00~23:00,09:00~23:00,09:00~23:00,09:00~23:00,09:00~24:00
제일그랜드약국,02-546-0093,서울특별시 강남구 강남대로 478,서울특별시 강남구 논현동 200,06:00~30:00,06:00~30:00,06:00~30:00,06:00~30:00,06:00~30:00,06:00~30:00,06:00~30:00,00:00~24:00
제일당약국,031-674-1041,"경기도 안성시 중앙로400번길 19, (동본동)",경기도 안성시 동본동 75,08:00~22:30,08:00~22:30,08:00~22:30,08:00~22:30,08:00~22:30,08:00~22:30,08:00~22:30,08:00~22:30
제일약국,063-653-2712,"전라북도 순창군 순창읍 순창로 232,",전라북도 순창군 순창읍 남계리 218-2,22:00~25:00,22:00~25:00,22:00~25:00,22:00~25:00,22:00~25:00,22:00~25:00,22:00~25:00,22:00~25:00
조광약국,064-764-4159,제주특별자치도 서귀포시 남원읍 태위로 633,,08:30~23:00,08:30~20:00,08:30~23:00,08:30~20:00,08:30~20:00,08:30~13:00,,
조아약국,043-211-7963,"충청북도 청주시 청원구 충청대로 95, 동학빌딩 1층 (율량동)",,09:00~22:30,09:00~22:30,09:00~22:30,09:00~22:30,09:00~22:30,09:00~22:30,11:00~21:00,
조천약국,064-783-8989,제주특별자치도 제주시 조천읍 신북로 226,제주특별자치도 제주시 조천읍 조천리 2317-6,08:00~23:00,08:00~21:00,08:00~23:00,08:00~21:00,08:00~23:00,08:00~21:00,,
종각호약국,02-6949-0940,"서울특별시 종로구 종로 80-2, 삼양빌딩 1층 (종로2가)",,09:30~23:00,09:30~23:00,09:30~23:00,09:30~23:00,09:30~23:00,09:30~22:00,14:00~20:00,14:00~20:00
종로세명약국,031-431-4044,"경기도 시흥시 정왕대로 220 (정왕동, 우리메디칼센타 106호)",,08:30~23:00,08:30~23:00,08:30~23:00,08:30~23:00,08:30~23:00,08:30~23:00,10:00~23:00,
종로세명약국,02-3492-9963,"서울특별시 도봉구 방학로 176, (방학동)",서울특별시 도봉구 방학동 668-5,10:00~22:30,10:00~22:30,10:00~22:30,10:00~22:30,10:00~22:30,09:00~22:30,15:00~22:30,14:00~23:00
종로약국,031-314-4719,경기도 시흥시 수인로3381번길 32 (신천동),경기도 시흥시 신천동 840-4,09:00~22:30,09:00~22:30,09:00~22:30,09:00~22:30,09:00~22:30,10:00~22:00,10:00~22:00,09:00~22:00
종로프라자약국,02-2012-1276,"서울특별시 용산구 한강대로23길 55 (한강로3가, 이마트내)",,10:00~22:30,10:00~22:30,10:00~22:30,10:00~22:30,10:00~22:30,10:00~22:30,10:00~22:30,10:00~23:00
종원종로약국,062-682-7515,"광주광역시 서구 화개1로 57, 1층 14호 (금호동)",,08:00~24:00,08:00~24:00,08:00~24:00,08:00~24:00,08:00~24:00,08:00~24:00,09:00~23:00,09:00~24:00
주엽1번출구약국,031-911-3111,"경기도 고양시 일산서구 중앙로 1421, NH농협은행 NH금융PLUS 주엽센터 (주엽동)",,22:00~25:00,22:00~25:00,22:00~25:00,22:00~25:00,22:00~25:00,22:00~25:00,22:00~25:00,22:00~25:00
중경당약국,02-2246-1220,"서울특별시 동대문구 장한로 58, 1층 (장안동)",,09:00~23:00,09:00~23:00,09:00~23:00,09:00~23:00,09:00~23:00,09:00~23:00,09:00~23:00,
중문약국,064-739-9687,제주특별자치도 서귀포시 천제연로 200 (중문동),,08:00~24:00,08:00~22:30,08:00~24:00,08:00~22:30,08:00~24:00,08:00~22:30,,08:00~22:30
중앙시장약국,031-465-3317,"경기도 안양시 만안구 안양로 305, 1층 (안양동)",경기도 안양시 만안구 안양동 707-1,08:30~22:30,08:30~22:30,08:30~22:30,08:30~22:30,08:30~22:30,08:30~22:30,08:30~22:30,08:30~22:30
중앙약국,043-532-2659,"충청북도 진천군 진천읍 중앙동로 61, 1층",,22:00~25:00,22:00~25:00,22:00~25:00,22:00~25:00,22:00~25:00,22:00~25:00,22:00~25:00,22:00~25:00
중앙약국,051-728-2210,"부산광역시 기장군 정관면 정관4로 38, 102호 (금샘프라자)",부산광역시 기장군 정관면 용수리 1328-5번지,09:00~24:00,09:00~24:00,09:00~24:00,09:00~24:00,09:00~24:00,09:00~24:00,09:00~24:00,09:00~24:00
중앙온누리약국,032-321-7741,"경기도 부천시 소향로 131, 103호(중동,로하스프라자)",경기도 부천시 원미구 중동 1161-3,09:00~23:00,09:00~23:00,09:00~23:00,09:00~23:00,09:00~23:00,09:00~23:00,19:00~23:00,11:00~23:00
즐거운약국,062-373-9453,"광주광역시 서구 시청로 13, 1층 104호 (치평동)",,09:00~22:30,09:00~22:30,09:00~22:30,09:00~22:30,09:00~22:30,09:00~22:30,12:30~21:30,12:30~21:30
지리산약국,051-506-0599,"부산광역시 동래구 아시아드대로228번길 26, 화영빌딩 1층 (온천동)",부산광역시 동래구 온천동 1413-7 ,09:30~23:00,09:30~23:00,09:30~23:00,09:30~23:00,09:30~23:00,09:30~23:00,09:30~23:00,09:30~23:00
지성약국,051-403-2122,부산광역시 영도구 상리로 1,부산광역시 영도구 동삼3동 1123,09:00~24:00,09:00~24:00,09:00~24:00,09:00~24:00,09:00~24:00,09:00~24:00,09:00~24:00,09:00~24:00
지씨지센타약국,042-487-8871,"대전광역시 서구 월평새뜸로4번길 95, 1층 101호 (월평동)",,19:00~24:00,19:00~24:00,19:00~24:00,19:00~24:00,19:00~24:00,,,
지현약국,02-842-6905,서울특별시 영등포구 영등포로 399-5  (신길동),서울특별시 영등포구 신길동 69-17 ,09:30~23:30,09:30~23:30,09:30~23:30,09:30~23:30,09:30~23:30,09:30~23:30,11:00~23:30,
진선약국,02-567-0429,서울특별시 강남구 선릉로 424  (대치동),서울특별시 강남구 대치동 897 ,09:00~22:30,09:00~22:30,09:00~22:30,09:00~22:30,09:00~22:30,09:00~22:00,10:00~21:00,
진성온누리약국,02-3494-5177,"서울특별시 도봉구 도봉로 681, (방학동)",서울특별시 도봉구 방학1동 703-61,08:30~23:00,08:30~23:00,08:30~23:00,08:30~23:00,08:30~23:00,08:30~23:00,15:00~19:00,
진약국,02-935-8266,"서울특별시 노원구 노해로 452, (상계동)","서울특별시 노원구 상계6,7동 734-3",09:00~25:00,09:00~25:00,09:00~25:00,09:00~25:00,09:00~25:00,09:00~25:00,22:00~25:00,22:00~25:00
진영동산약국,055-343-2460,경상남도 김해시 진영읍 진영로 146,경상남도 김해시 진영읍 진영리 255-10 ,08:00~22:30,08:00~22:30,08:00~22:30,08:00~22:30,08:00~22:30,08:00~22:30,08:00~22:30,08:00~22:30
진주플러스약국,055-755-9859,"경상남도 진주시 대신로 304, 지하1층 (상대동)",경상남도 진주시 대신로 304 (상대동) 지하1층,10:00~22:30,10:00~22:30,10:00~22:30,10:00~22:30,10:00~22:30,10:00~22:30,10:00~22:30,10:00~23:00
진하온누리약국,031-798-1308,경기도 광주시 곤지암읍 평촌길 36,경기도 광주시 곤지암읍 삼리 134-9,09:00~21:00,09:00~21:00,09:00~21:00,09:00~21:00,09:00~21:00,09:00~15:00,23:00~23:00,09:00~13:00
참빛약국,02-972-2288,"서울특별시 노원구 동일로 986, 102동 1층 131-A호 (공릉동, 노원 프레미어스 엠코)",,09:00~23:00,09:00~23:00,09:00~23:00,09:00~23:00,09:00~23:00,09:00~23:00,13:00~23:00,
참사랑약국,032-811-0500,인천광역시 연수구 경원대로 184,인천광역시 연수구 동춘동 926-9,10:00~22:30,10:00~22:30,10:00~22:30,10:00~22:30,10:00~22:30,10:00~24:00,10:00~24:00,10:00~23:00
참약국,070-8163-2488,서울특별시 마포구 와우산로 149 1층,서울특별시 마포구 서교동  327-15 1층,10:30~23:00,10:30~23:00,10:30~23:00,10:30~23:00,10:30~23:00,10:30~23:00,10:30~23:00,10:30~23:00
참조은약국,041-572-0002,충청남도 천안시 서북구 충무로 172 (쌍용동),,08:30~26:00,08:30~26:00,08:30~26:00,08:30~26:00,08:30~26:00,08:30~26:00,08:30~26:00,08:30~26:00
참조은약국,031-725-2274,경기도 성남시 분당구 성남대로925번길 16,경기도 성남시 분당구 야탑동 341,10:00~22:30,10:00~22:30,10:00~22:30,10:00~22:30,10:00~22:30,10:00~22:30,,10:00~22:00
참좋은약국,031-395-0365,"경기도 군포시 삼성로 74, 트레이더스 군포점 1층 (부곡동)",,10:00~23:00,10:00~23:00,10:00~23:00,10:00~23:00,10:00~23:00,10:00~23:00,10:00~23:00,
창덕약국,02-972-2933,서울특별시 노원구 동일로182길 20 (공릉동),,09:00~25:00,09:00~25:00,09:00~25:00,09:00~25:00,09:00~25:00,22:00~25:00,22:00~25:00,22:00~25:00
창일약국,032-466-8245,인천광역시 남동구 장승로 38 (만수동),인천광역시 남동구 만수6동 1088-9,08:30~22:30,08:30~22:30,08:30~22:30,08:30~22:30,08:30~22:30,08:30~22:30,08:30~22:30,08:30~22:20
천경약국,031-240-0591,경기도 수원시 팔달구 갓매산로76번길 5,경기도 수원시 팔달구 매산로1가 18,08:00~22:30,08:00~22:30,08:00~22:30,08:00~22:30,08:00~22:30,08:00~22:30,08:00~22:30,07:00~22:00
천수당약국,062-234-8555,"광주광역시 동구 문화전당로35번길 15, (광산동)",광주광역시 동구 광산동 88-9,09:00~23:00,09:00~23:00,09:00~23:00,09:00~23:00,09:00~23:00,09:00~23:00,09:00~23:00,09:00~23:00
천안휴게소약국,041-558-3380,"충청남도 천안시 동남구 쉼1길 42, 천안삼거리휴게소 2동 (삼룡동)",,08:30~22:30,08:30~22:30,08:30~22:30,08:30~22:30,08:30~22:30,08:30~23:30,08:30~23:30,08:30~23:30
철산약국,02-2612-2342,"경기도 광명시 오리로 857, (철산동)","경기도 광명시 철산3동 495번지 3호, 1층.",08:30~22:30,08:30~22:30,08:30~22:30,08:30~22:30,08:30~22:30,08:00~22:30,09:00~19:00,09:00~19:00
청년약국,031-8039-7582,"경기도 성남시 수정구 성남대로 1330, 1층 104호 (태평동)",,08:30~22:30,08:30~22:30,08:30~22:30,08:30~22:30,08:30~22:30,10:00~22:00,,
청담약국,041-666-2288,"충청남도 서산시 중앙로 135, 1층 (석림동, 비타민빌딩)",,08:30~22:30,08:30~22:30,08:30~22:30,08:30~22:30,08:30~22:30,08:30~22:30,,08:30~22:30
청사약국,070-7757-7271,"제주특별자치도 제주시 중앙로 234, 1층 (이도이동)",,10:00~24:00,10:00~24:00,10:00~24:00,10:00~24:00,10:00~24:00,10:00~24:00,10:00~24:00,10:00~24:00
청솔약국,033-251-3981,"강원도 춘천시 금강로 67-1, 1층 (조양동)",,22:00~25:00,22:00~25:00,22:00~25:00,22:00~25:00,22:00~25:00,22:00~25:00,22:00~25:00,22:00~25:00
청암약국,031-480-4876,"경기도 안산시 단원구 원포공원1로 46, 1층 (초지동, 이마트안산고잔점)",,10:00~23:00,10:00~23:00,10:00~23:00,10:00~23:00,10:00~23:00,10:00~23:00,10:00~23:00,10:00~23:00
청주상당약국,043-275-7431,충청북도 청주시 서원구 사직대로 132 (사창동),,09:00~24:00,09:00~24:00,09:00~24:00,09:00~24:00,09:00~24:00,09:00~22:00,09:00~22:00,09:00~22:00
청학약국,031-841-0554,경기도 남양주시 별내면 청학로114번길 10,경기도 남양주시 별내면 청학리 466-9 ,08:30~22:30,08:30~22:30,08:30~22:30,08:30~22:30,08:30~22:30,,09:00~22:30,09:00~22:30
초원약국,031-449-5601,경기도 안양시 만안구 안양로 323 (안양동),,09:30~22:30,09:30~22:30,09:30~22:30,09:30~22:30,09:30~22:30,09:30~20:30,14:00~22:30,09:00~23:00
초원온누리약국,02-3436-8743,"서울특별시 광진구 강변역로4길 10, 강변역지너스타워 307호 (구의동)",,09:00~22:30,09:00~22:30,09:00~22:30,09:00~22:30,09:00~22:30,09:00~18:00,,09:00~18:00
최현수약국,032-814-1333,인천광역시 연수구 비류대로 429 (연수동),인천광역시 연수구 연수1동 507-14,09:00~22:30,09:00~22:30,09:00~22:30,09:00~22:30,09:00~22:30,09:00~22:30,,
춘천대형약국,033-252-7585,강원도 춘천시 동면 한솔만천로 18,,08:00~23:00,08:00~23:00,08:00~23:00,08:00~23:00,08:00~23:00,08:00~23:00,08:00~23:00,08:00~23:00
춘천백화점약국,033-261-8878,"강원도 춘천시 신동면 김유정로 1668, H동 1층",,09:00~23:00,09:00~23:00,09:00~23:00,09:00~23:00,09:00~23:00,09:00~23:00,09:00~23:00,09:00~23:00
춘천태평양대형약국,033-818-1112,강원도 춘천시 동면 서부대성로 464,,08:00~23:00,08:00~23:00,08:00~23:00,08:00~23:00,08:00~23:00,08:00~23:00,08:00~23:00,08:00~23:00
충무연세약국,041-532-2592,"충청남도 아산시 문화로 379, 나동 101호 (모종동)",,09:00~24:00,09:00~24:00,09:00~24:00,09:00~24:00,09:00~24:00,12:00~24:00,09:00~24:00,09:00~24:00
충주프라자약국,043-848-5720,충청북도 충주시 봉계1길 49,충청북도 충주시 칠금동 849,08:00~23:00,08:00~23:00,08:00~23:00,08:00~23:00,08:00~23:00,08:00~23:00,08:00~23:00,08:00~23:00
치료의빛예은약국,02-388-9633,"서울특별시 광진구 동일로 74, 1층 102호 (자양동)",,09:00~22:30,09:00~22:30,09:00~22:30,09:00~22:30,09:00~22:30,09:00~22:30,09:00~22:30,09:00~22:30
친절한약국,02-421-6251,서울특별시 송파구 올림픽로32길 13 (방이동),,11:00~24:00,11:00~24:00,11:00~24:00,11:00~24:00,11:00~24:00,11:00~24:00,14:00~24:00,14:00~24:00
케어팜약국,031-555-5543,"경기도 남양주시 도농로 24, 지하1층 101호 (다산동, 부영애시앙상가)",,10:00~23:00,10:00~23:00,10:00~23:00,10:00~23:00,10:00~23:00,10:00~23:00,10:00~23:00,10:00~23:00
코끼리약국,02-420-2290,"서울특별시 송파구 석촌호수로 78 (잠실동, 1층 30호)",,09:00~22:30,09:00~22:30,09:00~22:30,09:00~22:30,09:00~22:30,09:00~22:30,11:00~22:30,11:00~22:30
큰길약국,02-553-1517,"서울특별시 강남구 강남대로 370, 지하1층 (역삼동)",,09:00~23:30,09:00~23:30,09:00~23:30,09:00~23:30,09:00~23:30,09:00~23:30,09:00~23:30,09:00~23:30
킴스백화점약국,031-979-8584,"경기도 고양시 덕양구 화신로260번길 51, 현창빌딩 1층 (화정동)",,09:00~23:00,09:00~23:00,09:00~23:00,09:00~23:00,09:00~23:00,09:00~23:00,10:00~22:00,14:00~23:00
탄방우리약국,042-486-9911,"대전광역시 서구 문정로48번길 70, 1층 (탄방동)",,08:00~23:00,08:00~23:00,08:00~23:00,08:00~23:00,08:00~23:00,08:00~18:00,09:00~18:00,09:00~18:00
탑동보룡약국,064-726-4949,"제주특별자치도 제주시 탑동로 24 (삼도이동, 형화빌딩)",제주특별자치도 제주시 삼도2동 1261-13,08:00~23:00,08:00~23:00,08:00~23:00,08:00~23:00,08:00~23:00,08:00~23:00,08:00~23:00,08:00~23:00
태광약국,063-463-3571,전라북도 군산시 대학로 414 ,전라북도 군산시 나운동  870-1 ,11:00~24:00,11:00~24:00,11:00~24:00,11:00~24:00,11:00~24:00,11:00~24:00,11:00~24:00,11:00~24:00
태광약국,051-754-9921,부산광역시 연제구 과정로164번길 9,부산광역시 연제구 연산9동 469-16,09:00~23:00,09:00~23:00,09:00~23:00,09:00~23:00,09:00~23:00,09:00~23:00,13:00~23:00,09:00~23:00
태양약국,032-667-9700,"경기도 부천시 부천로 1, 부천역사쇼핑몰 4층 (심곡본동)",,10:00~23:00,10:00~23:00,10:00~23:00,10:00~23:00,10:00~23:00,10:00~23:00,10:00~23:00,10:00~23:00
태종약국,062-654-9975,"광주광역시 남구 봉선중앙로 51, 103호 (봉선동)",,09:00~22:30,09:00~22:30,09:00~22:30,09:00~22:30,09:00~22:30,09:00~22:00,12:00~22:00,12:00~22:00
태평양약국,031-222-1413,"경기도 화성시 효행로 1069, 1층 105,106호 (진안동, 우성메디아)",,09:00~22:30,09:00~22:30,09:00~22:30,09:00~22:30,09:00~22:30,09:00~22:30,09:00~22:30,09:00~22:30
태평양약국,02-322-8344,"서울특별시 마포구 홍익로 1, 1층 (서교동)",,09:00~24:00,09:00~24:00,09:00~24:00,09:00~24:00,09:00~24:00,09:00~24:00,09:00~24:00,09:00~24:00
통영서울약국,055-646-8113,"경상남도 통영시 중앙로 334-1, 201호 (무전동)",,09:00~23:00,09:00~23:00,09:00~23:00,09:00~23:00,09:00~23:00,09:00~18:00,09:00~13:00,09:00~18:00
튼튼약국,031-917-7582,"경기도 고양시 일산서구 중앙로 1426 (주엽동, 일송노블레스 208호일부)",,08:00~23:00,08:00~23:00,08:00~23:00,08:00~23:00,08:00~23:00,08:00~18:00,09:00~18:00,09:00~18:00
튼튼약국,041-352-4681,충청남도 당진시 당진중앙2로 113,충청남도 당진시 당진읍 223-4,22:00~25:00,22:00~25:00,22:00~25:00,22:00~25:00,22:00~25:00,22:00~25:00,22:00~25:00,22:00~25:00
파랑새약국,02-743-7735,"서울특별시 종로구 대학로 121, 1호, 2호 (명륜4가)",,08:30~22:50,08:30~22:50,08:30~22:50,08:30~22:50,08:30~22:50,,,14:00~22:50
팜플러스약국,053-766-9114,"대구광역시 수성구 동대구로 95 (두산동, (홈플러스 대구수성점 지하1층))",,10:00~22:30,10:00~22:30,10:00~22:30,10:00~22:30,10:00~22:30,10:00~22:30,10:00~22:30,10:00~22:30
평촌마트약국,031-381-7218,"경기도 안양시 동안구 동안로 162, 지하 1층 (비산동)",경기도 안양시 동안구 비산동 1109-3,10:00~22:30,10:00~22:30,10:00~22:30,10:00~22:30,10:00~22:30,10:00~22:30,10:00~22:30,10:00~22:30
평촌종로약국,031-385-9600,"경기도 안양시 동안구 평촌대로 141 (호계동, 트윈프라자 1층)",,09:00~22:30,09:00~22:30,09:00~22:30,09:00~22:30,09:00~22:30,09:00~22:00,,09:00~21:00
평화약국,031-768-5952,"경기도 광주시 중앙로 85, 1층 (역동, 신흥빌딩)",,08:30~22:30,08:30~22:30,08:30~22:30,08:30~22:30,08:30~22:30,08:30~18:00,,09:00~18:00
포미약국,051-924-4242,"부산광역시 남구 용소로 15, 로티보이까페 1층 (대연동)",,22:00~25:00,22:00~25:00,22:00~25:00,22:00~25:00,22:00~25:00,22:00~25:00,22:00~25:00,22:00~25:00
포승종로약국,031-611-5252,경기도 평택시 포승읍 여술로 37,,07:00~24:00,07:00~24:00,07:00~24:00,07:00~24:00,07:00~24:00,07:00~24:00,08:00~24:00,08:00~24:00
프라자약국,031-296-0102,"경기도 수원시 권선구 수인로 291, 1층 (구운동, 서수원터미널)",,10:00~22:30,10:00~22:30,10:00~22:30,10:00~22:30,10:00~22:30,10:00~22:30,10:00~22:30,10:00~22:30
프라자약국,042-477-0222,"대전광역시 서구 문예로 19, 스카이빌딩 1층 (탄방동)",,09:00~23:00,09:00~23:00,09:00~23:00,09:00~23:00,09:00~23:00,09:00~23:00,09:00~23:00,09:00~23:00
프라자온누리약국,032-207-7573,"경기도 부천시 부천로10번길 14, 1층일부 (심곡동)",,08:00~23:30,08:00~23:30,08:00~23:30,08:00~23:30,08:00~23:30,08:00~23:30,09:00~23:30,09:00~23:30
플러스약국,053-766-9114,대구광역시 수성구 동대구로 95,대구광역시 수성구 두산동 113 홈플러스 대구수성점 지하1층,10:00~22:20,10:00~22:20,10:00~22:20,10:00~22:20,10:00~22:20,10:00~22:20,10:00~22:20,10:00~22:20
플러스약국,031-850-8231,경기도 의정부시 청사로 38,경기도 의정부시 금오동 475-1 삼성홈프러스 2층,10:00~22:30,10:00~22:30,10:00~22:30,10:00~22:30,10:00~22:30,10:00~22:30,10:00~22:30,10:00~22:30
하나로약국,061-723-0313,"전라남도 순천시 연향중앙상가길 29, (연향동)",전라남도 순천시 연향동 1336-2,08:30~23:00,08:30~23:00,08:30~23:00,08:30~23:00,08:30~23:00,08:30~23:00,09:00~22:00,09:00~22:00
하나로약국,055-526-0447,"경상남도 창녕군 남지읍 낙동로 498-2, 2층 (남지읍)",,22:00~25:00,22:00~25:00,22:00~25:00,22:00~25:00,22:00~25:00,22:00~25:00,22:00~25:00,22:00~25:00
하나약국,031-318-4613,경기도 시흥시 장곡로37번길 16 (장곡동),,09:00~22:30,09:00~22:30,09:00~22:30,09:00~22:30,09:00~22:30,09:00~22:30,,09:00~22:00
하나약국,0647482800,"제주특별자치도 제주시 연북로 99, 1층 (연동, 365빌딩)",제주특별자치도 제주시 연동 1373,09:00~23:00,09:00~23:00,09:00~23:00,09:00~23:00,09:00~23:00,09:00~24:00,09:00~24:00,09:00~24:00
하늘약국,02-898-7290,경기도 광명시 오리로 351,"경기도 광명시 소하2동 1075번지 5호, 1층.",22:00~25:00,22:00~25:00,22:00~25:00,22:00~25:00,22:00~25:00,22:00~25:00,22:00~25:00,22:00~25:00
하늘온누리약국,062-575-5690,광주광역시 북구 첨단연신로 105,광주광역시 북구 신용동 735 ,09:00~22:30,09:00~22:30,09:00~22:30,09:00~22:30,09:00~22:30,09:00~22:30,,
하님약국,02-939-1827,"서울특별시 노원구 한글비석로 410, 1층 (상계동)",서울특별시 노원구 상계5동 169-461,09:00~22:30,09:00~22:30,09:00~22:30,09:00~22:30,09:00~22:30,09:00~22:00,,09:00~21:30
하선약국,042-621-7770,대전광역시 대덕구 대전로 1119 (오정동),,07:30~24:00,07:30~24:00,07:30~24:00,07:30~24:00,07:30~24:00,07:30~24:00,07:30~24:00,07:30~24:00
하안종로약국,02-805-8375,"경기도 광명시 범안로 1043 , 1층(원촌빌딩) (하안동)","경기도 광명시 하안동 34-9 원촌빌딩 , 1층(원촌빌딩)",09:00~23:00,09:00~23:00,09:00~23:00,09:00~23:00,09:00~23:00,09:00~23:00,10:00~23:00,09:00~23:00
한결약국,032-663-1979,경기도 부천시 경인로 240 (심곡본동),,09:00~23:00,09:00~23:00,09:00~23:00,09:00~23:00,09:00~23:00,09:00~22:00,,
한빛약국,031-242-2778,"경기도 수원시 팔달구 매산로 18, (매산로1가)",경기도 수원시 팔달구 매산로1가 45-1,09:00~23:00,09:00~23:00,09:00~23:00,09:00~23:00,09:00~23:00,09:00~23:00,16:00~20:00,
한사랑약국,052-296-9991,울산광역시 중구 번영로 475  (복산동),울산광역시 중구 복산동 100 홈플러스울산점 ,10:00~22:30,10:00~22:30,10:00~22:30,10:00~22:30,10:00~22:30,10:00~23:00,,10:00~22:30
한양온누리약국,031-362-6551,"경기도 안산시 상록구 석호로 294, 1층 (본오동)",,08:30~23:00,08:30~23:00,08:30~23:00,08:30~23:00,08:30~23:00,08:30~23:00,09:00~23:00,09:00~23:00
한우리약국,031-205-4194,경기도 수원시 영통구 영통로 151 (망포동),,09:00~23:00,09:00~23:00,09:00~23:00,09:00~23:00,09:00~23:00,09:00~23:00,09:00~23:00,09:00~23:00
합정약국,031-651-3241,경기도 평택시 조개터로42번길 60-1 (합정동),,09:00~23:00,09:00~23:00,09:00~23:00,09:00~23:00,09:00~23:00,09:00~23:00,09:00~23:00,09:00~23:00
해맑은약국,031-456-3134,"경기도 안양시 동안구 엘에스로 45, 110호 (호계동, 대영골든타워)",,08:00~22:30,08:00~22:30,08:00~22:30,08:00~22:30,08:00~22:30,08:00~22:30,,
해성약국,051-743-0400,부산광역시 해운대구 구남로 3 (우동),부산광역시 해운대구 중동 1382-1 ,22:00~25:00,22:00~25:00,22:00~25:00,22:00~25:00,22:00~25:00,22:00~25:00,22:00~25:00,22:00~25:00
해운대이팜약국,051-744-4855,부산광역시 해운대구 좌동순환로 511,부산광역시 해운대구 중동   1767 이마트해운대점 ,10:00~23:00,10:00~23:00,10:00~23:00,10:00~23:00,10:00~23:00,10:00~23:00,10:00~23:00,10:00~23:00
해피백약국,042-487-1236,대전광역시 서구 청사서로 46(월평동),,09:00~23:00,09:00~23:00,09:00~23:00,09:00~23:00,09:00~23:00,09:00~22:00,11:00~22:00,11:00~22:00
햇살약국,052-256-9735,울산광역시 남구 수암로 148 (야음동) ,,10:00~22:30,10:00~22:30,10:00~22:30,10:00~22:30,10:00~22:30,10:00~22:30,10:00~22:30,10:00~22:30
행복나무약국,02-487-8880,"서울특별시 강동구 천호대로157길 54, 1층 (천호동)",,10:00~25:00,10:00~25:00,10:00~25:00,10:00~25:00,10:00~25:00,10:00~25:00,13:00~25:00,13:00~25:00
행복약국,033-637-2825,"강원도 속초시 동해대로 4163, 1층 (조양동)",,22:00~25:00,22:00~25:00,22:00~25:00,22:00~25:00,22:00~25:00,22:00~25:00,22:00~25:00,22:00~25:00
행복한약국,02-927-8253,"서울특별시 성북구 보문로34길 59, 1층(동선동1가)",서울특별시 성북구 동선동1가 79,09:00~23:00,09:00~23:00,09:00~23:00,09:00~23:00,09:00~23:00,09:30~23:00,09:30~23:00,09:30~23:00
행복한약국,033-644-0073,강원도 강릉시 구정면 범일로 442,,08:00~23:00,08:00~23:00,08:00~23:00,08:00~23:00,08:00~23:00,08:00~23:00,08:00~23:00,08:00~23:00
행복한온누리약국,031-714-0288,"경기도 성남시 분당구 정자일로198번길 15, 109호 (정자동, 제나프라자)",,09:00~24:00,09:00~24:00,09:00~24:00,09:00~24:00,09:00~24:00,09:00~24:00,09:00~24:00,09:00~24:00
행운약국,02-765-9997,서울특별시 종로구 대명길 21-2(명륜4가),,11:00~23:00,11:00~23:00,11:00~23:00,11:00~23:00,11:00~23:00,11:00~23:00,11:00~23:00,11:00~23:00
향동중앙약국,02-3159-7575,"경기도 고양시 덕양구 향기로 58, 지하1층 B02호 (향동동)",,22:00~25:00,22:00~25:00,22:00~25:00,22:00~25:00,22:00~25:00,22:00~25:00,22:00~25:00,22:00~25:00
허룡약국,042-525-5050,"대전광역시 서구 도솔로 313, (괴정동)",대전광역시 서구 괴정동 95-28,10:30~22:30,10:30~22:30,10:30~22:30,10:30~22:30,10:30~22:30,10:00~22:30,17:00~22:30,17:00~22:30
허브팜부평역약국,032-518-0045,"인천광역시 부평구 광장로 지하 30, 대아지하상가 지하2층 34호 일부호 (부평동)",,11:00~23:00,11:00~23:00,11:00~23:00,11:00~23:00,11:00~23:00,11:00~23:00,11:00~23:00,
헬로팜약국,02-415-1121,"서울특별시 송파구 올림픽로12길 5, 정호빌딩 (잠실동)",,09:00~23:00,09:00~23:00,09:00~23:00,09:00~23:00,09:00~23:00,09:00~23:00,13:00~22:00,13:00~22:00
현대약국,031-851-1688,"경기도 의정부시 청사로 45, 108호 (금오동, 플래티넘프라자)",,09:00~23:00,09:00~23:00,09:00~23:00,09:00~23:00,09:00~23:00,09:00~23:00,,09:00~23:00
형우당약국,053-358-9696,"대구광역시 북구 팔달로 189, 1층일부 (노원동2가)",대구광역시 북구 노원2가 376-2번지 노원우체국에서 만평네거리방향 70미터,08:30~22:30,08:30~22:30,08:30~22:30,08:30~22:30,08:30~22:30,08:30~23:00,09:00~23:00,09:00~22:30
호림약국,02-468-1027,"서울특별시 광진구 동일로30길 28, (화양동)",서울특별시 광진구 화양동 19-38,14:00~23:00,14:00~23:00,14:00~23:00,14:00~23:00,14:00~23:00,14:00~23:00,17:00~22:00,
호수약국,02-415-8852,"서울특별시 송파구 송파대로49길 52, A동 102호 (석촌동)",,10:00~23:00,10:00~23:00,10:00~23:00,10:00~23:00,10:00~23:00,10:00~23:00,10:00~23:00,10:00~23:00
홈플러스삼성온누리약국,051-507-8411,부산광역시 연제구  종합운동장로  7 (거제동),부산광역시 연제구 거제2동 1208,10:00~22:30,10:00~22:30,10:00~22:30,10:00~22:30,10:00~22:30,10:00~22:30,10:00~22:30,10:00~22:30
홍대365약국,02-3141-1084,"서울특별시 마포구 와우산로27길 43, 1층 (서교동)",,11:00~23:00,11:00~23:00,11:00~23:00,11:00~23:00,11:00~23:00,11:00~23:00,11:00~23:00,11:00~23:00
홍대수약국,02-334-3005,"서울특별시 마포구 홍익로3길 11, 1층 (서교동)",,11:00~23:00,11:00~23:00,11:00~23:00,11:00~23:00,11:00~23:00,11:00~23:00,11:00~23:00,11:00~23:00
홍대어울림약국,02-332-9233,"서울특별시 마포구 어울마당로 128, 1층 (서교동)",,11:00~22:30,11:00~22:30,11:00~22:30,11:00~22:30,11:00~22:30,11:00~22:30,11:00~22:30,
홍대참신한약국,02-6368-5799,"서울특별시 마포구 어울마당로 62, 1층 (서교동)",,12:00~23:00,12:00~23:00,12:00~23:00,12:00~23:00,12:00~25:00,12:00~25:00,12:00~23:00,12:00~23:00
홍익한약국,064-749-8818,"제주특별자치도 제주시 노연로 87, 102호 (연동, 연동ABC주상복합)",,09:00~24:00,09:00~24:00,09:00~24:00,09:00~24:00,09:00~24:00,10:00~24:00,10:00~24:00,10:00~24:00
화랑온누리약국,02-975-4151,서울특별시 노원구 공릉로 150 (공릉동) 1층,서울특별시 노원구 공릉동 340-18 1층,08:45~22:30,08:45~22:30,08:45~22:30,08:45~22:30,08:45~22:00,08:45~22:00,17:00~22:30,
화명메디칼약국,051-331-8525,"부산광역시 북구 화명신도시로 120, (화명동)",부산광역시 북구 화명1동 2276-1,09:00~22:30,09:00~22:30,09:00~22:30,09:00~22:30,09:00~22:30,09:00~22:30,09:00~22:30,09:00~22:30
환승센터약국,02-424-2365,"서울특별시 송파구 잠실로 지하 156, 잠실광역환승센터 지하1층 101호 (신천동)",,08:00~23:00,08:00~23:00,08:00~23:00,08:00~23:00,08:00~23:00,09:00~23:00,09:00~23:00,09:00~23:00
효성약국,053-854-4487,"경상북도 경산시 하양읍 하양로 46, 1층 103호",,09:00~22:30,09:00~22:30,09:00~22:30,09:00~22:30,09:00~22:30,10:00~18:00,,
흥명약국,02-963-0617,"서울특별시 동대문구 고산자로30길 56, (용두동)",서울특별시 동대문구 용두동 39-695,10:30~23:00,10:30~23:00,10:30~23:00,10:30~23:00,10:30~23:00,10:30~23:00,14:00~22:30,
희망약국,031-000-0000,"경기도 안산시 단원구 광덕2로 185, 101호 (고잔동, 금성센터빌딩)",,10:00~23:00,10:00~23:00,10:00~23:00,10:00~23:00,10:00~23:00,10:00~23:00,10:00~23:00,10:00~23:00
